시간,발전량
2025-01-01 00:00,1.5903397405582835
2025-01-01 01:00,1.7070974935951888
2025-01-01 02:00,1.7368299332956993
2025-01-01 03:00,1.6741005787160865
2025-01-01 04:00,1.4872524994032745
2025-01-01 05:00,1.3779041257437932
2025-01-01 06:00,1.4253571339979474
2025-01-01 07:00,1.6083177526432935
2025-01-01 08:00,1.5904144649517602
2025-01-01 09:00,1.5955756997673054
2025-01-01 10:00,2.205730352102182
2025-01-01 11:00,2.3787021156712203
2025-01-01 12:00,2.489636060248086
2025-01-01 13:00,2.8742534327146334
2025-01-01 14:00,3.4566939804985877
2025-01-01 15:00,3.431475032082708
2025-01-01 16:00,3.6517085629094526
2025-01-01 17:00,4.676370431036263
2025-01-01 18:00,6.452455278597791
2025-01-01 19:00,8.219467817938213
2025-01-01 20:00,10.017637459001374
2025-01-01 21:00,10.843214060495878
2025-01-01 22:00,9.687356177031463
2025-01-01 23:00,8.208375306878501
2025-01-02 00:00,7.256879759177477
2025-01-02 01:00,6.404983831363152
2025-01-02 02:00,7.306930093591279
2025-01-02 03:00,8.391650546360475
2025-01-02 04:00,8.60625042627796
2025-01-02 05:00,7.8387743878349685
2025-01-02 06:00,7.632556501943517
2025-01-02 07:00,6.8986674759828
2025-01-02 08:00,6.585374467679939
2025-01-02 09:00,6.473552851356116
2025-01-02 10:00,6.533425396884882
2025-01-02 11:00,6.383060282931101
2025-01-02 12:00,6.15424243051269
2025-01-02 13:00,7.6118733506091445
2025-01-02 14:00,10.613163203741237
2025-01-02 15:00,14.649978144196998
2025-01-02 16:00,18.340402791209584
2025-01-02 17:00,21.98570981360786
2025-01-02 18:00,22.702451911844435
2025-01-02 19:00,21.91445444929773
2025-01-02 20:00,19.68445251683335
2025-01-02 21:00,17.519820254970938
2025-01-02 22:00,15.022470881840855
2025-01-02 23:00,15.440865028903838
2025-01-03 00:00,16.54181532165125
2025-01-03 01:00,18.091869593815254
2025-01-03 02:00,21.512563099938305
2025-01-03 03:00,23.919310730049812
2025-01-03 04:00,24.228945435456097
2025-01-03 05:00,24.438276260293065
2025-01-03 06:00,23.03163825501286
2025-01-03 07:00,19.646872446703803
2025-01-03 08:00,16.643993025843038
2025-01-03 09:00,14.657005477831387
2025-01-03 10:00,11.172712515345758
2025-01-03 11:00,8.848151196824475
2025-01-03 12:00,6.464326228911659
2025-01-03 13:00,4.611654363918448
2025-01-03 14:00,2.8853814647968945
2025-01-03 15:00,2.824210153437598
2025-01-03 16:00,4.139958785296349
2025-01-03 17:00,7.082221491730192
2025-01-03 18:00,12.230741583571106
2025-01-03 19:00,18.69836809425378
2025-01-03 20:00,23.64956238353565
2025-01-03 21:00,26.121973320650643
2025-01-03 22:00,26.498484882246693
2025-01-03 23:00,23.089803144529313
2025-01-04 00:00,17.94022056807706
2025-01-04 01:00,13.163290531316074
2025-01-04 02:00,9.741183670894289
2025-01-04 03:00,6.24446850564082
2025-01-04 04:00,4.38371939222313
2025-01-04 05:00,2.8151341341615135
2025-01-04 06:00,1.7644237065969226
2025-01-04 07:00,1.0621699487241067
2025-01-04 08:00,0.8166791973928961
2025-01-04 09:00,0.6218180602621802
2025-01-04 10:00,0.37841373438750653
2025-01-04 11:00,0.255097656961799
2025-01-04 12:00,0.29333359769693673
2025-01-04 13:00,0.5898508668306566
2025-01-04 14:00,0.9181031396676552
2025-01-04 15:00,1.1276860974905256
2025-01-04 16:00,1.297537752746577
2025-01-04 17:00,1.5012021812517393
2025-01-04 18:00,1.7365002489822643
2025-01-04 19:00,1.8641684475387854
2025-01-04 20:00,2.492056299236082
2025-01-04 21:00,3.235768877574821
2025-01-04 22:00,3.621157594846772
2025-01-04 23:00,3.9658299391757312
2025-01-05 00:00,5.5969628580679345
2025-01-05 01:00,6.75617479926791
2025-01-05 02:00,8.807920477916896
2025-01-05 03:00,11.769298054479709
2025-01-05 04:00,17.42800931488008
2025-01-05 05:00,21.984960016096146
2025-01-05 06:00,25.88242384263814
2025-01-05 07:00,31.257231619792844
2025-01-05 08:00,36.42283127299218
2025-01-05 09:00,39.843333289048
2025-01-05 10:00,43.09771462422174
2025-01-05 11:00,46.53396484448165
2025-01-05 12:00,46.42804600113325
2025-01-05 13:00,43.751587398501876
2025-01-05 14:00,38.58760012481706
2025-01-05 15:00,32.48591741208678
2025-01-05 16:00,26.030531670189937
2025-01-05 17:00,19.368114773985454
2025-01-05 18:00,14.745349296110954
2025-01-05 19:00,11.787209888900568
2025-01-05 20:00,10.825029659636408
2025-01-05 21:00,11.728313248765055
2025-01-05 22:00,16.483372393926015
2025-01-05 23:00,20.76404525230315
2025-01-06 00:00,25.017233036937856
2025-01-06 01:00,27.919348128931325
2025-01-06 02:00,29.582625981346364
2025-01-06 03:00,27.23106106983555
2025-01-06 04:00,25.06188218945332
2025-01-06 05:00,22.5409876367306
2025-01-06 06:00,22.092472801559484
2025-01-06 07:00,24.965551135321824
2025-01-06 08:00,31.565788511275002
2025-01-06 09:00,38.495771123648225
2025-01-06 10:00,45.36087928532138
2025-01-06 11:00,51.568999175248294
2025-01-06 12:00,54.276197286276386
2025-01-06 13:00,55.00522468858359
2025-01-06 14:00,55.32921586804296
2025-01-06 15:00,55.90252564997314
2025-01-06 16:00,55.45487976305661
2025-01-06 17:00,55.45437999445841
2025-01-06 18:00,54.80109993287276
2025-01-06 19:00,53.98733244251103
2025-01-06 20:00,53.99892144377621
2025-01-06 21:00,53.89224946599469
2025-01-06 22:00,53.55298415699527
2025-01-06 23:00,52.86797277077484
2025-01-07 00:00,52.12010798698158
2025-01-07 01:00,50.806971020342495
2025-01-07 02:00,46.99031760040214
2025-01-07 03:00,43.7366548481708
2025-01-07 04:00,37.574235837316635
2025-01-07 05:00,31.352446056637284
2025-01-07 06:00,24.033033985667718
2025-01-07 07:00,21.023745655288316
2025-01-07 08:00,19.58039756686241
2025-01-07 09:00,25.356948205590346
2025-01-07 10:00,32.43022373782288
2025-01-07 11:00,40.69380361447992
2025-01-07 12:00,47.97491850251411
2025-01-07 13:00,52.89376522348888
2025-01-07 14:00,53.48844999263831
2025-01-07 15:00,53.0412678392089
2025-01-07 16:00,51.741929186080526
2025-01-07 17:00,50.4401784180361
2025-01-07 18:00,48.63399385118167
2025-01-07 19:00,48.17333136950987
2025-01-07 20:00,46.74277146431212
2025-01-07 21:00,46.697269469766496
2025-01-07 22:00,44.620466643064155
2025-01-07 23:00,42.01600838796416
2025-01-08 00:00,39.76506477187688
2025-01-08 01:00,38.9857641589325
2025-01-08 02:00,38.69583028184555
2025-01-08 03:00,39.948480530926176
2025-01-08 04:00,40.94723997326618
2025-01-08 05:00,41.84211563574915
2025-01-08 06:00,42.37506831397098
2025-01-08 07:00,40.949113230963135
2025-01-08 08:00,39.271872153433904
2025-01-08 09:00,40.0076964453361
2025-01-08 10:00,38.422409320201915
2025-01-08 11:00,37.28798510155633
2025-01-08 12:00,36.21687390825023
2025-01-08 13:00,35.754572781551296
2025-01-08 14:00,35.806305937272185
2025-01-08 15:00,38.61169730710109
2025-01-08 16:00,43.0506036805305
2025-01-08 17:00,47.959696451324575
2025-01-08 18:00,52.13304171300767
2025-01-08 19:00,55.29820086431588
2025-01-08 20:00,56.90397339912619
2025-01-08 21:00,56.60386581139426
2025-01-08 22:00,55.84301900686014
2025-01-08 23:00,56.03817222126778
2025-01-09 00:00,55.06540149542176
2025-01-09 01:00,54.81849172119742
2025-01-09 02:00,54.684410218170115
2025-01-09 03:00,54.50759235015594
2025-01-09 04:00,53.23716885454799
2025-01-09 05:00,53.191771377181055
2025-01-09 06:00,52.567711557510655
2025-01-09 07:00,52.40661148604629
2025-01-09 08:00,52.68902100138688
2025-01-09 09:00,53.05322692908304
2025-01-09 10:00,53.86561518709035
2025-01-09 11:00,54.57440317601305
2025-01-09 12:00,54.374436230816585
2025-01-09 13:00,54.41589531056998
2025-01-09 14:00,54.579583726996944
2025-01-09 15:00,54.07897622283592
2025-01-09 16:00,53.589855565494666
2025-01-09 17:00,53.56568623483603
2025-01-09 18:00,52.60568233108844
2025-01-09 19:00,51.604000792940155
2025-01-09 20:00,51.16565512750748
2025-01-09 21:00,49.802413644888716
2025-01-09 22:00,47.072254191570714
2025-01-09 23:00,43.323519112787785
2025-01-10 00:00,37.77776055459132
2025-01-10 01:00,31.943880049229072
2025-01-10 02:00,26.08931315962331
2025-01-10 03:00,21.33138975665695
2025-01-10 04:00,17.869983733018028
2025-01-10 05:00,16.010805124071908
2025-01-10 06:00,13.356368857906876
2025-01-10 07:00,11.588083319938743
2025-01-10 08:00,10.16169520482286
2025-01-10 09:00,9.457909918212055
2025-01-10 10:00,8.575049305419322
2025-01-10 11:00,7.6693044464092495
2025-01-10 12:00,7.0950723729304475
2025-01-10 13:00,6.553415272228581
2025-01-10 14:00,5.629532240873157
2025-01-10 15:00,5.57089626569294
2025-01-10 16:00,6.398693540936
2025-01-10 17:00,7.100050807348926
2025-01-10 18:00,7.829064648210945
2025-01-10 19:00,8.204094234577962
2025-01-10 20:00,8.545533293339904
2025-01-10 21:00,8.921514204780339
2025-01-10 22:00,8.198002806675113
2025-01-10 23:00,7.243467516085237
2025-01-11 00:00,7.752021150271242
2025-01-11 01:00,7.836794839638449
2025-01-11 02:00,7.617920773115756
2025-01-11 03:00,7.624970200945434
2025-01-11 04:00,7.70289057169574
2025-01-11 05:00,6.7044783456623565
2025-01-11 06:00,5.6562224243956845
2025-01-11 07:00,4.231783973051842
2025-01-11 08:00,3.7255802720527975
2025-01-11 09:00,2.904855676573198
2025-01-11 10:00,2.0571792627868244
2025-01-11 11:00,1.2940826066292541
2025-01-11 12:00,0.8307289775421006
2025-01-11 13:00,0.3323981755632366
2025-01-11 14:00,0.11993577575551477
2025-01-11 15:00,0.202044428588813
2025-01-11 16:00,0.47428321369733306
2025-01-11 17:00,0.7113979003089282
2025-01-11 18:00,1.1955439894265432
2025-01-11 19:00,1.8332171560830166
2025-01-11 20:00,2.2207777106084374
2025-01-11 21:00,2.4312091332845984
2025-01-11 22:00,2.6048465223546367
2025-01-11 23:00,2.659788884396671
2025-01-12 00:00,2.5119251511892884
2025-01-12 01:00,2.38861277089362
2025-01-12 02:00,2.244961210147536
2025-01-12 03:00,2.4686573297715895
2025-01-12 04:00,2.7142554834021926
2025-01-12 05:00,2.6665682099735206
2025-01-12 06:00,2.832652259186371
2025-01-12 07:00,2.8200423838291373
2025-01-12 08:00,2.3788632632113766
2025-01-12 09:00,1.8314747713099073
2025-01-12 10:00,1.45284209873595
2025-01-12 11:00,1.003861955610525
2025-01-12 12:00,0.969160743357542
2025-01-12 13:00,0.9096267018457496
2025-01-12 14:00,0.7913167195675801
2025-01-12 15:00,0.8560817325091274
2025-01-12 16:00,1.2363830865033894
2025-01-12 17:00,1.4961076163118763
2025-01-12 18:00,2.9887095956166596
2025-01-12 19:00,4.217235242406116
2025-01-12 20:00,5.853934138422645
2025-01-12 21:00,6.811134063400692
2025-01-12 22:00,6.884473522296451
2025-01-12 23:00,5.9336753721806375
2025-01-13 00:00,5.04252068132285
2025-01-13 01:00,3.6835321450817444
2025-01-13 02:00,2.7080324072194193
2025-01-13 03:00,2.3620035221423747
2025-01-13 04:00,1.8072556359296992
2025-01-13 05:00,1.456699593545194
2025-01-13 06:00,1.5186812332234703
2025-01-13 07:00,1.533490679491767
2025-01-13 08:00,1.5965193645862394
2025-01-13 09:00,1.6951555874673319
2025-01-13 10:00,1.9811735417220853
2025-01-13 11:00,2.0422583956748577
2025-01-13 12:00,1.9827970054676203
2025-01-13 13:00,2.022593589670751
2025-01-13 14:00,2.767505654031051
2025-01-13 15:00,4.172682248052953
2025-01-13 16:00,7.243779062095061
2025-01-13 17:00,11.392404837673416
2025-01-13 18:00,16.33135009453302
2025-01-13 19:00,21.733975267462778
2025-01-13 20:00,27.30221432475131
2025-01-13 21:00,30.799801241866398
2025-01-13 22:00,31.38982762017657
2025-01-13 23:00,30.871978578146194
2025-01-14 00:00,30.081357662193824
2025-01-14 01:00,29.517387912859864
2025-01-14 02:00,29.42003609360703
2025-01-14 03:00,30.508803206601737
2025-01-14 04:00,31.30653537854811
2025-01-14 05:00,29.628405172799706
2025-01-14 06:00,26.06933551518501
2025-01-14 07:00,21.373281038023904
2025-01-14 08:00,17.64420207606821
2025-01-14 09:00,15.00112515297128
2025-01-14 10:00,13.541667274314198
2025-01-14 11:00,12.711942230821276
2025-01-14 12:00,12.845597972047234
2025-01-14 13:00,14.732062494947105
2025-01-14 14:00,17.016440400814407
2025-01-14 15:00,20.8632423446631
2025-01-14 16:00,25.638483673077967
2025-01-14 17:00,32.031643121027045
2025-01-14 18:00,37.090645427111724
2025-01-14 19:00,40.57019026357709
2025-01-14 20:00,43.048512532943235
2025-01-14 21:00,44.91542872479097
2025-01-14 22:00,43.97325359764469
2025-01-14 23:00,43.047344776290664
2025-01-15 00:00,42.71031830354125
2025-01-15 01:00,41.77418840825125
2025-01-15 02:00,41.703706376655894
2025-01-15 03:00,42.15319810716388
2025-01-15 04:00,42.59452204414915
2025-01-15 05:00,42.834431248127395
2025-01-15 06:00,43.35630769968731
2025-01-15 07:00,43.28048512207034
2025-01-15 08:00,44.26477123334835
2025-01-15 09:00,43.60290411041593
2025-01-15 10:00,42.50720070328381
2025-01-15 11:00,41.84860001281406
2025-01-15 12:00,41.13003219212163
2025-01-15 13:00,39.42713880134254
2025-01-15 14:00,38.76370665073527
2025-01-15 15:00,38.58976175479393
2025-01-15 16:00,39.13911546140501
2025-01-15 17:00,38.4332383501588
2025-01-15 18:00,38.108904891290955
2025-01-15 19:00,35.64642007113355
2025-01-15 20:00,31.560330270856827
2025-01-15 21:00,25.989706341662593
2025-01-15 22:00,20.42341753211839
2025-01-15 23:00,14.378593991285465
2025-01-16 00:00,9.805994773089802
2025-01-16 01:00,7.65643372741417
2025-01-16 02:00,5.664976186716681
2025-01-16 03:00,4.535121809902255
2025-01-16 04:00,4.363012297704721
2025-01-16 05:00,4.863419958904633
2025-01-16 06:00,5.799772319343416
2025-01-16 07:00,6.72796045068956
2025-01-16 08:00,7.85356311292738
2025-01-16 09:00,9.068600828411034
2025-01-16 10:00,10.73324594085133
2025-01-16 11:00,10.889210019264826
2025-01-16 12:00,11.69981245552221
2025-01-16 13:00,11.732517670671616
2025-01-16 14:00,11.047762814821692
2025-01-16 15:00,9.604854191469286
2025-01-16 16:00,8.993685047271946
2025-01-16 17:00,8.813660749621617
2025-01-16 18:00,8.976156526733053
2025-01-16 19:00,10.110684152394018
2025-01-16 20:00,12.528683814970877
2025-01-16 21:00,15.35562429455346
2025-01-16 22:00,17.468272162241735
2025-01-16 23:00,19.015275440799677
2025-01-17 00:00,22.088746197897517
2025-01-17 01:00,24.3780298720225
2025-01-17 02:00,23.851621859355667
2025-01-17 03:00,21.78732669731314
2025-01-17 04:00,19.205927230238352
2025-01-17 05:00,14.015895908575752
2025-01-17 06:00,8.297526943570174
2025-01-17 07:00,4.742938175055048
2025-01-17 08:00,3.297606021361171
2025-01-17 09:00,2.986232839572213
2025-01-17 10:00,3.3324837433497927
2025-01-17 11:00,4.22677336249923
2025-01-17 12:00,5.7697768406589525
2025-01-17 13:00,7.121737147419237
2025-01-17 14:00,8.9417758099838
2025-01-17 15:00,11.43348855101642
2025-01-17 16:00,13.280082757322234
2025-01-17 17:00,13.996861349561495
2025-01-17 18:00,14.323236268823285
2025-01-17 19:00,13.668640217169525
2025-01-17 20:00,11.457844343219385
2025-01-17 21:00,9.345647247107838
2025-01-17 22:00,7.270412695244646
2025-01-17 23:00,5.346840962730032
2025-01-18 00:00,4.046117269849039
2025-01-18 01:00,3.648297344590911
2025-01-18 02:00,3.148077233159095
2025-01-18 03:00,3.102943900467234
2025-01-18 04:00,3.0105170915064274
2025-01-18 05:00,2.7645960092743604
2025-01-18 06:00,2.089812593694791
2025-01-18 07:00,1.7345525029672852
2025-01-18 08:00,1.2438206340790392
2025-01-18 09:00,0.769641869892961
2025-01-18 10:00,0.3910047638550962
2025-01-18 11:00,0.21239965519190257
2025-01-18 12:00,0.1251136031620102
2025-01-18 13:00,0.2642958639215337
2025-01-18 14:00,0.8038698914563198
2025-01-18 15:00,1.3182494307837445
2025-01-18 16:00,1.5448721776898415
2025-01-18 17:00,1.8195588160240281
2025-01-18 18:00,2.239604419479561
2025-01-18 19:00,2.075097036356272
2025-01-18 20:00,1.7637951449090086
2025-01-18 21:00,1.718837193368179
2025-01-18 22:00,1.6006681789029096
2025-01-18 23:00,1.3215911746443327
2025-01-19 00:00,1.193423672217507
2025-01-19 01:00,1.2924962481242541
2025-01-19 02:00,1.5015660191258526
2025-01-19 03:00,1.6085702690047288
2025-01-19 04:00,1.370389012162528
2025-01-19 05:00,1.1640672223725665
2025-01-19 06:00,0.9831609367702215
2025-01-19 07:00,0.7798720955285303
2025-01-19 08:00,0.6593781375421507
2025-01-19 09:00,0.7551256087680225
2025-01-19 10:00,0.7454670074014377
2025-01-19 11:00,0.6463013391441852
2025-01-19 12:00,0.4655282198871819
2025-01-19 13:00,0.3428563046557881
2025-01-19 14:00,0.2568880212118846
2025-01-19 15:00,0.3628301078859254
2025-01-19 16:00,0.4044053533206727
2025-01-19 17:00,0.7168948874023799
2025-01-19 18:00,0.9158751592921611
2025-01-19 19:00,1.3551842161409806
2025-01-19 20:00,1.6701777916719507
2025-01-19 21:00,2.236688289874497
2025-01-19 22:00,2.2884029014898366
2025-01-19 23:00,2.7456170306040053
2025-01-20 00:00,2.576593380478889
2025-01-20 01:00,2.3933462841989637
2025-01-20 02:00,2.0238575875685494
2025-01-20 03:00,2.014382587180517
2025-01-20 04:00,1.6454040717733407
2025-01-20 05:00,1.5679556724855466
2025-01-20 06:00,1.5287153780759204
2025-01-20 07:00,1.5587756232010945
2025-01-20 08:00,1.7493922481892388
2025-01-20 09:00,2.1270504161969126
2025-01-20 10:00,2.711094603596099
2025-01-20 11:00,3.645120673847022
2025-01-20 12:00,4.6407937727223825
2025-01-20 13:00,5.063406131165072
2025-01-20 14:00,4.97462541283927
2025-01-20 15:00,4.562266177581992
2025-01-20 16:00,3.9812348651327545
2025-01-20 17:00,3.533067175224248
2025-01-20 18:00,3.72104384696311
2025-01-20 19:00,3.661174242074422
2025-01-20 20:00,3.6468017698350925
2025-01-20 21:00,3.724309291389008
2025-01-20 22:00,3.7143087734939852
2025-01-20 23:00,3.271133978665843
2025-01-21 00:00,3.1962121643639443
2025-01-21 01:00,3.5880041444107844
2025-01-21 02:00,4.267071322525685
2025-01-21 03:00,4.222021573452841
2025-01-21 04:00,4.001739866299862
2025-01-21 05:00,3.909056491225545
2025-01-21 06:00,3.4644295846339417
2025-01-21 07:00,2.443305890448862
2025-01-21 08:00,1.7080937008333954
2025-01-21 09:00,1.2001383136656354
2025-01-21 10:00,0.7808143300376362
2025-01-21 11:00,0.5314520464865738
2025-01-21 12:00,0.4094591642987063
2025-01-21 13:00,0.7138922699092871
2025-01-21 14:00,1.069225915122415
2025-01-21 15:00,1.3389184923337736
2025-01-21 16:00,1.2870270616170338
2025-01-21 17:00,1.0650936693874566
2025-01-21 18:00,0.7154425908584459
2025-01-21 19:00,0.3638969750112649
2025-01-21 20:00,0.09531503305287956
2025-01-21 21:00,0.12987381011312965
2025-01-21 22:00,0.2081363310915701
2025-01-21 23:00,0.8588108477196983
2025-01-22 00:00,1.1600078676661336
2025-01-22 01:00,1.4341252915112808
2025-01-22 02:00,1.696318928472341
2025-01-22 03:00,1.897252077027008
2025-01-22 04:00,1.3661437619566903
2025-01-22 05:00,1.1826297257223333
2025-01-22 06:00,1.209247967153083
2025-01-22 07:00,1.0553894297818454
2025-01-22 08:00,1.0351245915558844
2025-01-22 09:00,1.232915865045579
2025-01-22 10:00,1.238118424620903
2025-01-22 11:00,1.0924435420821719
2025-01-22 12:00,1.218054713930043
2025-01-22 13:00,1.3184401168381241
2025-01-22 14:00,1.1590061906039695
2025-01-22 15:00,1.3095428074543842
2025-01-22 16:00,1.5732063621227823
2025-01-22 17:00,1.969523263938153
2025-01-22 18:00,1.952241996925725
2025-01-22 19:00,2.280329191234479
2025-01-22 20:00,2.4469934173181174
2025-01-22 21:00,2.54103175125497
2025-01-22 22:00,2.2772973262162717
2025-01-22 23:00,2.7595444292136966
2025-01-23 00:00,3.2974672572706076
2025-01-23 01:00,4.052428413438704
2025-01-23 02:00,4.489874333924889
2025-01-23 03:00,4.717369296292174
2025-01-23 04:00,4.383397488488196
2025-01-23 05:00,3.756547795849032
2025-01-23 06:00,2.8043466241170165
2025-01-23 07:00,2.1369348273032225
2025-01-23 08:00,2.319202713329485
2025-01-23 09:00,3.192233591248198
2025-01-23 10:00,4.178152909764664
2025-01-23 11:00,5.043096939794919
2025-01-23 12:00,6.167301257771918
2025-01-23 13:00,6.878544226567579
2025-01-23 14:00,7.777941006864076
2025-01-23 15:00,10.630779197011227
2025-01-23 16:00,14.006487844571216
2025-01-23 17:00,16.90097438625157
2025-01-23 18:00,18.378504939724515
2025-01-23 19:00,19.362250171199953
2025-01-23 20:00,18.702815709423824
2025-01-23 21:00,17.2426088662144
2025-01-23 22:00,15.438843196924395
2025-01-23 23:00,14.366326451769961
2025-01-24 00:00,13.707820289937327
2025-01-24 01:00,12.908136400980192
2025-01-24 02:00,12.982191683563112
2025-01-24 03:00,13.027800850602475
2025-01-24 04:00,12.911112383404566
2025-01-24 05:00,12.57719230558943
2025-01-24 06:00,11.528112044520002
2025-01-24 07:00,9.703251919574384
2025-01-24 08:00,8.780294864900892
2025-01-24 09:00,8.681775495361004
2025-01-24 10:00,9.473064098465063
2025-01-24 11:00,11.86880596089969
2025-01-24 12:00,14.04008713113328
2025-01-24 13:00,16.140724696818758
2025-01-24 14:00,18.669496740321595
2025-01-24 15:00,20.902289859344997
2025-01-24 16:00,21.45040967900095
2025-01-24 17:00,21.829653793600194
2025-01-24 18:00,21.491717484407424
2025-01-24 19:00,20.730518986803766
2025-01-24 20:00,18.896649466294047
2025-01-24 21:00,18.852997347816963
2025-01-24 22:00,20.399386713807377
2025-01-24 23:00,22.116556241327437
2025-01-25 00:00,23.862677479563317
2025-01-25 01:00,24.1167828094514
2025-01-25 02:00,22.128242558072934
2025-01-25 03:00,18.775021812421407
2025-01-25 04:00,15.439812167541941
2025-01-25 05:00,11.443899953744221
2025-01-25 06:00,8.82549355338271
2025-01-25 07:00,7.118027759534908
2025-01-25 08:00,6.128822111039989
2025-01-25 09:00,5.5519401998506925
2025-01-25 10:00,5.179108252630443
2025-01-25 11:00,4.8734472006760585
2025-01-25 12:00,5.361385050972972
2025-01-25 13:00,6.261984028937431
2025-01-25 14:00,7.6895580662697425
2025-01-25 15:00,9.409606658067796
2025-01-25 16:00,10.992314261508806
2025-01-25 17:00,10.94917514685198
2025-01-25 18:00,10.604589030125982
2025-01-25 19:00,9.970538368415921
2025-01-25 20:00,9.470435200171178
2025-01-25 21:00,9.028680024022492
2025-01-25 22:00,8.389402291834594
2025-01-25 23:00,8.181444335430484
2025-01-26 00:00,7.860703658424765
2025-01-26 01:00,7.978991032427925
2025-01-26 02:00,8.258635130813612
2025-01-26 03:00,9.09065703024039
2025-01-26 04:00,9.100932952369522
2025-01-26 05:00,8.473424152205812
2025-01-26 06:00,6.979350393646969
2025-01-26 07:00,5.55279472254138
2025-01-26 08:00,4.4375415007862005
2025-01-26 09:00,3.0667192852422955
2025-01-26 10:00,2.0781879412073248
2025-01-26 11:00,1.3499496157224162
2025-01-26 12:00,0.6194457588177541
2025-01-26 13:00,0.2344198963751604
2025-01-26 14:00,0.29145915683582524
2025-01-26 15:00,0.3053621676070159
2025-01-26 16:00,0.4276987142106151
2025-01-26 17:00,0.41753704972131267
2025-01-26 18:00,0.3757724895305984
2025-01-26 19:00,0.4205695146855623
2025-01-26 20:00,0.7039391738054076
2025-01-26 21:00,1.3410150863926105
2025-01-26 22:00,2.6999772489799363
2025-01-26 23:00,4.806374047839229
2025-01-27 00:00,6.626197124592555
2025-01-27 01:00,7.994613290590898
2025-01-27 02:00,11.344053496900926
2025-01-27 03:00,15.154290652197702
2025-01-27 04:00,19.043243468794522
2025-01-27 05:00,25.737586380549043
2025-01-27 06:00,34.791329749662935
2025-01-27 07:00,41.1852903889664
2025-01-27 08:00,44.36199190828849
2025-01-27 09:00,45.68613910231822
2025-01-27 10:00,42.355645361626685
2025-01-27 11:00,39.602087843537355
2025-01-27 12:00,38.335531046826716
2025-01-27 13:00,37.409020849294485
2025-01-27 14:00,38.95311291318198
2025-01-27 15:00,44.5201236890263
2025-01-27 16:00,47.14678934898218
2025-01-27 17:00,49.052666423866846
2025-01-27 18:00,53.03565057674316
2025-01-27 19:00,54.816572981717755
2025-01-27 20:00,55.58528110810124
2025-01-27 21:00,55.50401951996876
2025-01-27 22:00,56.10285450358547
2025-01-27 23:00,56.181090756446096
2025-01-28 00:00,56.607309720278366
2025-01-28 01:00,56.080723640709
2025-01-28 02:00,56.39451915579751
2025-01-28 03:00,55.832485741074706
2025-01-28 04:00,55.732767965297214
2025-01-28 05:00,56.10668056973476
2025-01-28 06:00,57.06918730359282
2025-01-28 07:00,57.80200082079811
2025-01-28 08:00,57.17822546669142
2025-01-28 09:00,56.50112322988279
2025-01-28 10:00,55.96017513393332
2025-01-28 11:00,55.110060758771056
2025-01-28 12:00,54.62327275233459
2025-01-28 13:00,55.67623099245287
2025-01-28 14:00,55.95028384175227
2025-01-28 15:00,56.429718524540746
2025-01-28 16:00,56.474553572251146
2025-01-28 17:00,56.48901288147432
2025-01-28 18:00,55.913177076741434
2025-01-28 19:00,55.85290561068317
2025-01-28 20:00,55.83675341902345
2025-01-28 21:00,55.86356457518597
2025-01-28 22:00,54.932849706104506
2025-01-28 23:00,53.89201846011954
2025-01-29 00:00,52.80886827198437
2025-01-29 01:00,51.58170512076284
2025-01-29 02:00,50.177492707414416
2025-01-29 03:00,50.18171465100652
2025-01-29 04:00,50.326915285713895
2025-01-29 05:00,50.727697108074025
2025-01-29 06:00,51.311201560912004
2025-01-29 07:00,51.72975462554363
2025-01-29 08:00,52.17720181637621
2025-01-29 09:00,52.5083032842424
2025-01-29 10:00,52.31255441117488
2025-01-29 11:00,52.04265730077741
2025-01-29 12:00,52.122670847477956
2025-01-29 13:00,51.62863712484616
2025-01-29 14:00,51.2442862558225
2025-01-29 15:00,51.297761957626165
2025-01-29 16:00,50.21650130722011
2025-01-29 17:00,49.09762534940201
2025-01-29 18:00,46.75159635604602
2025-01-29 19:00,43.722030151053204
2025-01-29 20:00,41.08155991304281
2025-01-29 21:00,37.65062305818075
2025-01-29 22:00,31.884504287036112
2025-01-29 23:00,27.858183264450894
2025-01-30 00:00,23.90998631923944
2025-01-30 01:00,18.704653601213785
2025-01-30 02:00,14.895322552165073
2025-01-30 03:00,13.270406299567716
2025-01-30 04:00,11.352100288960703
2025-01-30 05:00,9.65470269395439
2025-01-30 06:00,8.216831953325729
2025-01-30 07:00,6.933018464399642
2025-01-30 08:00,6.197033574962075
2025-01-30 09:00,4.973659901808434
2025-01-30 10:00,3.8388189732933085
2025-01-30 11:00,3.13260093505527
2025-01-30 12:00,2.3539414686221893
2025-01-30 13:00,1.5588407751175335
2025-01-30 14:00,1.235763433011429
2025-01-30 15:00,1.331524827476466
2025-01-30 16:00,1.7698519783503746
2025-01-30 17:00,2.4962142282315676
2025-01-30 18:00,3.2868396091840637
2025-01-30 19:00,4.278241622614705
2025-01-30 20:00,4.583112200390807
2025-01-30 21:00,4.634281362691896
2025-01-30 22:00,4.340762983997231
2025-01-30 23:00,3.6306529287692184
2025-01-31 00:00,2.978168744872526
2025-01-31 01:00,2.915849306891686
2025-01-31 02:00,2.713090991877547
2025-01-31 03:00,2.5815350625447606
2025-01-31 04:00,2.608984435780807
2025-01-31 05:00,2.137008908263119
2025-01-31 06:00,1.7765868273148697
2025-01-31 07:00,1.7551601602430733
2025-01-31 08:00,2.015236326302415
2025-01-31 09:00,2.2636766687325536
2025-01-31 10:00,2.9946199918792806
2025-01-31 11:00,3.518475762353603
2025-01-31 12:00,3.4642969486677893
2025-01-31 13:00,3.105801627401233
2025-01-31 14:00,2.7494949494833536
2025-01-31 15:00,2.460347287530922
2025-01-31 16:00,2.1779534856237497
2025-01-31 17:00,2.6876560824071762
2025-01-31 18:00,3.237449894236599
2025-01-31 19:00,3.4555518410847332
2025-01-31 20:00,3.4823315304324636
2025-01-31 21:00,3.5379120267390447
2025-01-31 22:00,2.9468103185602668
2025-01-31 23:00,2.610349969042538
2025-02-01 00:00,2.7269489483861817
2025-02-01 01:00,2.7315106051992584
2025-02-01 02:00,3.333715736356136
2025-02-01 03:00,4.83774604789823
2025-02-01 04:00,6.325237324450851
2025-02-01 05:00,7.548198198137021
2025-02-01 06:00,8.96362787397077
2025-02-01 07:00,9.458415626837386
2025-02-01 08:00,9.365610238301292
2025-02-01 09:00,9.348199838681941
2025-02-01 10:00,9.58563928467257
2025-02-01 11:00,9.798229672742966
2025-02-01 12:00,10.927104393887772
2025-02-01 13:00,12.51676875897833
2025-02-01 14:00,14.511661767977841
2025-02-01 15:00,15.930255723939997
2025-02-01 16:00,16.45037792735793
2025-02-01 17:00,17.107261951716758
2025-02-01 18:00,17.45687809374952
2025-02-01 19:00,16.50544396920801
2025-02-01 20:00,15.623008290277046
2025-02-01 21:00,15.559805564601717
2025-02-01 22:00,14.839405518155289
2025-02-01 23:00,13.290719149501745
2025-02-02 00:00,11.637507812987884
2025-02-02 01:00,10.097165308113823
2025-02-02 02:00,8.335969965730357
2025-02-02 03:00,6.748248470175083
2025-02-02 04:00,5.952048051801307
2025-02-02 05:00,6.054509486441615
2025-02-02 06:00,6.575049637508601
2025-02-02 07:00,7.138451608838039
2025-02-02 08:00,7.79231523517393
2025-02-02 09:00,8.13606862176665
2025-02-02 10:00,8.118994102624924
2025-02-02 11:00,7.839794417021191
2025-02-02 12:00,8.064475129243844
2025-02-02 13:00,8.361656504712911
2025-02-02 14:00,9.81827675632888
2025-02-02 15:00,13.442127418035374
2025-02-02 16:00,17.236200419450913
2025-02-02 17:00,20.644566127037933
2025-02-02 18:00,23.42841327482338
2025-02-02 19:00,25.039784713058573
2025-02-02 20:00,25.572875638852402
2025-02-02 21:00,27.340267448975066
2025-02-02 22:00,31.01473267693091
2025-02-02 23:00,35.583205529294446
2025-02-03 00:00,40.87282444866919
2025-02-03 01:00,44.88568600322608
2025-02-03 02:00,47.710170442077654
2025-02-03 03:00,50.08673204512586
2025-02-03 04:00,50.98449881239836
2025-02-03 05:00,52.268657852045905
2025-02-03 06:00,53.8407615265221
2025-02-03 07:00,55.0145223092455
2025-02-03 08:00,54.35353376710102
2025-02-03 09:00,54.463515219277454
2025-02-03 10:00,53.402773335754304
2025-02-03 11:00,51.35332951844224
2025-02-03 12:00,49.800729691024294
2025-02-03 13:00,48.99140988279832
2025-02-03 14:00,48.96430568204245
2025-02-03 15:00,49.62195413131464
2025-02-03 16:00,51.80944860636994
2025-02-03 17:00,53.74004941441452
2025-02-03 18:00,55.438963954077096
2025-02-03 19:00,56.29288601351351
2025-02-03 20:00,56.616990072491625
2025-02-03 21:00,56.664670529458284
2025-02-03 22:00,56.87848095719803
2025-02-03 23:00,55.13796751819666
2025-02-04 00:00,54.434498056020914
2025-02-04 01:00,52.87481568990197
2025-02-04 02:00,52.329727964968946
2025-02-04 03:00,52.11335303414977
2025-02-04 04:00,53.61369240747879
2025-02-04 05:00,53.760072984354075
2025-02-04 06:00,55.20457350979925
2025-02-04 07:00,55.52194246904891
2025-02-04 08:00,55.244552741808924
2025-02-04 09:00,55.17367949428592
2025-02-04 10:00,55.70781313599234
2025-02-04 11:00,55.422181198713076
2025-02-04 12:00,55.272455792966184
2025-02-04 13:00,54.7516488559311
2025-02-04 14:00,54.645447788963
2025-02-04 15:00,54.96067272647146
2025-02-04 16:00,55.07948685911674
2025-02-04 17:00,55.0696176844918
2025-02-04 18:00,55.720064902880246
2025-02-04 19:00,54.63828468179946
2025-02-04 20:00,53.00594136844379
2025-02-04 21:00,52.680310903546555
2025-02-04 22:00,50.90242420959105
2025-02-04 23:00,49.02867713417173
2025-02-05 00:00,48.14759363253577
2025-02-05 01:00,47.52826074047317
2025-02-05 02:00,46.090427677071105
2025-02-05 03:00,45.82652730869958
2025-02-05 04:00,43.161437750692016
2025-02-05 05:00,39.83006201847326
2025-02-05 06:00,35.42842220850413
2025-02-05 07:00,32.651248593772046
2025-02-05 08:00,31.239030485556803
2025-02-05 09:00,31.1349312658773
2025-02-05 10:00,31.318937536689134
2025-02-05 11:00,32.72862131824329
2025-02-05 12:00,33.29563140744884
2025-02-05 13:00,33.96468928603906
2025-02-05 14:00,36.976653720395156
2025-02-05 15:00,39.73811007854212
2025-02-05 16:00,44.463068282114584
2025-02-05 17:00,49.13699375408148
2025-02-05 18:00,51.80450235147215
2025-02-05 19:00,51.70123740348894
2025-02-05 20:00,53.36525987662161
2025-02-05 21:00,51.37766875958606
2025-02-05 22:00,46.94339903825258
2025-02-05 23:00,42.63285105487132
2025-02-06 00:00,37.71703845670852
2025-02-06 01:00,32.30451613278999
2025-02-06 02:00,26.35647433484287
2025-02-06 03:00,21.564205400651662
2025-02-06 04:00,16.98066034553721
2025-02-06 05:00,14.888704154458557
2025-02-06 06:00,11.850394320998662
2025-02-06 07:00,10.927902756739368
2025-02-06 08:00,11.620053566531752
2025-02-06 09:00,13.66064652782
2025-02-06 10:00,14.710082998385701
2025-02-06 11:00,16.639887855079916
2025-02-06 12:00,18.058848184473923
2025-02-06 13:00,18.378702126381015
2025-02-06 14:00,17.470506995809938
2025-02-06 15:00,19.11022521300591
2025-02-06 16:00,23.174549984843498
2025-02-06 17:00,29.511642032628863
2025-02-06 18:00,35.15230238208635
2025-02-06 19:00,42.126247270292566
2025-02-06 20:00,45.872369278704454
2025-02-06 21:00,45.51225191483618
2025-02-06 22:00,38.4677436428676
2025-02-06 23:00,31.334231304793736
2025-02-07 00:00,23.968038064801924
2025-02-07 01:00,17.594985239463078
2025-02-07 02:00,14.937294083683224
2025-02-07 03:00,18.56589259135757
2025-02-07 04:00,25.77385377507286
2025-02-07 05:00,32.26723413673652
2025-02-07 06:00,39.8077842443544
2025-02-07 07:00,45.56275739195809
2025-02-07 08:00,49.71986405338911
2025-02-07 09:00,51.168705687912144
2025-02-07 10:00,52.17995840657102
2025-02-07 11:00,52.88032388864126
2025-02-07 12:00,52.96134822264321
2025-02-07 13:00,53.133618459866305
2025-02-07 14:00,53.221460722381764
2025-02-07 15:00,53.8345510359963
2025-02-07 16:00,54.16877311117505
2025-02-07 17:00,54.725926582853766
2025-02-07 18:00,55.032715716386214
2025-02-07 19:00,55.45972085597809
2025-02-07 20:00,55.16629822559838
2025-02-07 21:00,54.41954954528912
2025-02-07 22:00,53.35898508848587
2025-02-07 23:00,52.33690193992679
2025-02-08 00:00,49.164044868270494
2025-02-08 01:00,46.6671262033434
2025-02-08 02:00,42.73676468409964
2025-02-08 03:00,40.54533525713629
2025-02-08 04:00,39.02069568201134
2025-02-08 05:00,39.78281887681344
2025-02-08 06:00,39.617154262288935
2025-02-08 07:00,40.74508458722511
2025-02-08 08:00,39.69201433128558
2025-02-08 09:00,38.91083700595708
2025-02-08 10:00,39.85644021529939
2025-02-08 11:00,43.01802149261491
2025-02-08 12:00,45.132198622216734
2025-02-08 13:00,47.4630193043778
2025-02-08 14:00,47.85914183022284
2025-02-08 15:00,44.21803439864503
2025-02-08 16:00,38.16521324318434
2025-02-08 17:00,31.876570609555976
2025-02-08 18:00,25.11442716279992
2025-02-08 19:00,18.487544325500608
2025-02-08 20:00,13.626228771855367
2025-02-08 21:00,10.237181337934445
2025-02-08 22:00,8.390452734755586
2025-02-08 23:00,6.932587127211994
2025-02-09 00:00,6.048525225051606
2025-02-09 01:00,5.752217314766965
2025-02-09 02:00,4.780821805493598
2025-02-09 03:00,3.91250459263384
2025-02-09 04:00,3.7984425732207456
2025-02-09 05:00,3.9487336441489824
2025-02-09 06:00,4.253036622550349
2025-02-09 07:00,4.177476414826607
2025-02-09 08:00,4.1697478233694865
2025-02-09 09:00,3.735847877731627
2025-02-09 10:00,3.3835610942836603
2025-02-09 11:00,2.883742578412501
2025-02-09 12:00,3.1026609655205935
2025-02-09 13:00,3.80809600919957
2025-02-09 14:00,5.0595915690755815
2025-02-09 15:00,6.847234799748106
2025-02-09 16:00,8.545588774110088
2025-02-09 17:00,11.153287960481183
2025-02-09 18:00,13.21445942248151
2025-02-09 19:00,15.026953400524814
2025-02-09 20:00,15.298613421084905
2025-02-09 21:00,15.689414209203031
2025-02-09 22:00,13.622691581030377
2025-02-09 23:00,11.6665989172868
2025-02-10 00:00,9.018792168996608
2025-02-10 01:00,7.349548118670138
2025-02-10 02:00,5.657188891117757
2025-02-10 03:00,4.815189079630235
2025-02-10 04:00,3.8623472408979773
2025-02-10 05:00,3.3295029366082267
2025-02-10 06:00,2.9835253268741724
2025-02-10 07:00,2.8205433825320783
2025-02-10 08:00,2.9653109584919837
2025-02-10 09:00,3.5052411563115724
2025-02-10 10:00,4.528253224552602
2025-02-10 11:00,6.357521865428689
2025-02-10 12:00,7.151581460423533
2025-02-10 13:00,9.115020399901585
2025-02-10 14:00,10.022713752911125
2025-02-10 15:00,9.811016000344035
2025-02-10 16:00,8.388366773915866
2025-02-10 17:00,7.568616343233846
2025-02-10 18:00,5.340372799692341
2025-02-10 19:00,3.5783576303221714
2025-02-10 20:00,2.549519001936339
2025-02-10 21:00,1.65644299197974
2025-02-10 22:00,0.8961430652272673
2025-02-10 23:00,0.7030032276969223
2025-02-11 00:00,0.7846298036600435
2025-02-11 01:00,0.872821678984218
2025-02-11 02:00,0.8971181095885121
2025-02-11 03:00,0.9960741740860459
2025-02-11 04:00,1.0114172935593715
2025-02-11 05:00,1.1018504501115243
2025-02-11 06:00,0.9529990750130587
2025-02-11 07:00,0.9538784183504928
2025-02-11 08:00,0.8373574003625149
2025-02-11 09:00,0.7478660297320521
2025-02-11 10:00,0.4239443397272228
2025-02-11 11:00,0.28891589200859824
2025-02-11 12:00,0.19906035733488933
2025-02-11 13:00,0.30562640500647126
2025-02-11 14:00,0.6434151939274224
2025-02-11 15:00,1.6338769748109
2025-02-11 16:00,2.9531410898862793
2025-02-11 17:00,4.146506553190783
2025-02-11 18:00,5.452709200784016
2025-02-11 19:00,6.465518896469868
2025-02-11 20:00,6.684778732778836
2025-02-11 21:00,6.745698923053721
2025-02-11 22:00,6.101702978678373
2025-02-11 23:00,5.432101207564222
2025-02-12 00:00,5.277240473164991
2025-02-12 01:00,5.607714191906293
2025-02-12 02:00,5.982080559263698
2025-02-12 03:00,6.872579045629635
2025-02-12 04:00,8.404787350464215
2025-02-12 05:00,9.874500141512192
2025-02-12 06:00,11.242109133409667
2025-02-12 07:00,13.199392261255692
2025-02-12 08:00,15.19702780537786
2025-02-12 09:00,16.168167127090662
2025-02-12 10:00,18.44432508073835
2025-02-12 11:00,24.90042814667158
2025-02-12 12:00,32.07710429025562
2025-02-12 13:00,40.50441163185476
2025-02-12 14:00,48.20136378761414
2025-02-12 15:00,54.03937774743254
2025-02-12 16:00,55.7803559790063
2025-02-12 17:00,56.05429710199845
2025-02-12 18:00,55.633857510236126
2025-02-12 19:00,56.0917659546649
2025-02-12 20:00,56.7511605953066
2025-02-12 21:00,57.03788335245188
2025-02-12 22:00,56.96214322130081
2025-02-12 23:00,55.869718144366274
2025-02-13 00:00,54.10909265733856
2025-02-13 01:00,49.79738650868221
2025-02-13 02:00,42.17227673901213
2025-02-13 03:00,33.51521596478392
2025-02-13 04:00,24.626665993830283
2025-02-13 05:00,16.050627774763733
2025-02-13 06:00,9.459911546621614
2025-02-13 07:00,6.733591721788717
2025-02-13 08:00,5.069440215736108
2025-02-13 09:00,4.147854064438903
2025-02-13 10:00,3.7235140614888365
2025-02-13 11:00,4.550680041095207
2025-02-13 12:00,5.010308076713067
2025-02-13 13:00,5.556779241697216
2025-02-13 14:00,5.828726472845249
2025-02-13 15:00,5.785809438755735
2025-02-13 16:00,5.037357773187769
2025-02-13 17:00,4.731365036732242
2025-02-13 18:00,4.380160355780065
2025-02-13 19:00,5.173173082889833
2025-02-13 20:00,6.030862801101731
2025-02-13 21:00,6.436533499348833
2025-02-13 22:00,6.263374083735331
2025-02-13 23:00,6.227104805690755
2025-02-14 00:00,5.4875636287903955
2025-02-14 01:00,4.889347143664025
2025-02-14 02:00,4.488703636600343
2025-02-14 03:00,3.8509347435968664
2025-02-14 04:00,2.9517680165452833
2025-02-14 05:00,2.1385213082925274
2025-02-14 06:00,1.4742062431784375
2025-02-14 07:00,1.0125226830731182
2025-02-14 08:00,0.7993524252406047
2025-02-14 09:00,0.9273549082542202
2025-02-14 10:00,1.0546608569667584
2025-02-14 11:00,1.1260735334329601
2025-02-14 12:00,1.1101653391210378
2025-02-14 13:00,1.1999863373247102
2025-02-14 14:00,1.3373674853741562
2025-02-14 15:00,1.3218357172857302
2025-02-14 16:00,1.1444604268140304
2025-02-14 17:00,0.9208744914971048
2025-02-14 18:00,0.8077507205274218
2025-02-14 19:00,0.6165550573844457
2025-02-14 20:00,0.6117039230418391
2025-02-14 21:00,0.7975372339825116
2025-02-14 22:00,0.8885393535363153
2025-02-14 23:00,0.8078380061427571
2025-02-15 00:00,0.7623540904975108
2025-02-15 01:00,0.8532653493473303
2025-02-15 02:00,0.9170394121629133
2025-02-15 03:00,0.8933126162023598
2025-02-15 04:00,0.9075915626114763
2025-02-15 05:00,1.0503113229643433
2025-02-15 06:00,0.923536267354678
2025-02-15 07:00,0.635379762838571
2025-02-15 08:00,0.7396128646375064
2025-02-15 09:00,0.8477000727214163
2025-02-15 10:00,0.7834722261521058
2025-02-15 11:00,0.9783144190435354
2025-02-15 12:00,1.4432448708515269
2025-02-15 13:00,1.6690953872430003
2025-02-15 14:00,1.7477463669186046
2025-02-15 15:00,1.7707711825749317
2025-02-15 16:00,1.4696231720050346
2025-02-15 17:00,0.9946003096993081
2025-02-15 18:00,0.6344922460837423
2025-02-15 19:00,0.4032357145020546
2025-02-15 20:00,0.3149018817094369
2025-02-15 21:00,0.3763274500792885
2025-02-15 22:00,0.3586668350710327
2025-02-15 23:00,0.4059311777333073
2025-02-16 00:00,0.7874511404776762
2025-02-16 01:00,0.9466056491170445
2025-02-16 02:00,0.8797764029796025
2025-02-16 03:00,1.1832909327807069
2025-02-16 04:00,1.2666896295574053
2025-02-16 05:00,0.9953571901126829
2025-02-16 06:00,1.1010004691032067
2025-02-16 07:00,1.3769770135580781
2025-02-16 08:00,1.4989430555798502
2025-02-16 09:00,2.018877622071047
2025-02-16 10:00,2.7594601805400574
2025-02-16 11:00,3.4929175615850028
2025-02-16 12:00,4.7978646155397575
2025-02-16 13:00,7.167586861166557
2025-02-16 14:00,8.771936222963562
2025-02-16 15:00,11.971227592340357
2025-02-16 16:00,17.023141681820235
2025-02-16 17:00,23.01696137934416
2025-02-16 18:00,29.29884123852393
2025-02-16 19:00,36.82733198899517
2025-02-16 20:00,42.93426467220361
2025-02-16 21:00,46.890876287449245
2025-02-16 22:00,49.052796989974
2025-02-16 23:00,49.689862514104405
2025-02-17 00:00,50.55647987606983
2025-02-17 01:00,51.15950819709234
2025-02-17 02:00,51.42995508281892
2025-02-17 03:00,51.765896705202536
2025-02-17 04:00,51.88318803730401
2025-02-17 05:00,51.25279518983321
2025-02-17 06:00,51.08219728559344
2025-02-17 07:00,51.107611830508986
2025-02-17 08:00,49.85012695087651
2025-02-17 09:00,48.40323468769684
2025-02-17 10:00,47.071530760889836
2025-02-17 11:00,45.497160774737736
2025-02-17 12:00,44.52885269405598
2025-02-17 13:00,45.236820944822796
2025-02-17 14:00,45.865140521808016
2025-02-17 15:00,45.97653785126759
2025-02-17 16:00,45.15372738739605
2025-02-17 17:00,44.43838744146176
2025-02-17 18:00,43.626336275156824
2025-02-17 19:00,43.38401201623728
2025-02-17 20:00,43.17451055428175
2025-02-17 21:00,43.290508269211735
2025-02-17 22:00,42.84070297044015
2025-02-17 23:00,41.85304450210419
2025-02-18 00:00,41.95324618326704
2025-02-18 01:00,42.321522660676486
2025-02-18 02:00,42.44871834647486
2025-02-18 03:00,42.472344574326314
2025-02-18 04:00,43.51457120047625
2025-02-18 05:00,43.50383799342376
2025-02-18 06:00,43.76998809539408
2025-02-18 07:00,44.22961989181556
2025-02-18 08:00,44.103156787920376
2025-02-18 09:00,43.93781947319199
2025-02-18 10:00,43.90790238987587
2025-02-18 11:00,43.524937643965664
2025-02-18 12:00,43.350532126928094
2025-02-18 13:00,45.016500029456495
2025-02-18 14:00,45.27870131616786
2025-02-18 15:00,46.28239155711205
2025-02-18 16:00,47.289358383035264
2025-02-18 17:00,49.48927650928858
2025-02-18 18:00,49.937073174183396
2025-02-18 19:00,51.66245957566283
2025-02-18 20:00,52.57740551864517
2025-02-18 21:00,52.800808622104874
2025-02-18 22:00,50.63041765264893
2025-02-18 23:00,48.884770719609456
2025-02-19 00:00,45.805946103621096
2025-02-19 01:00,42.6704448108288
2025-02-19 02:00,41.00361203795001
2025-02-19 03:00,41.855895444039106
2025-02-19 04:00,42.847208390584576
2025-02-19 05:00,45.54133264801739
2025-02-19 06:00,49.01286395616074
2025-02-19 07:00,50.66964887423019
2025-02-19 08:00,50.565834651242184
2025-02-19 09:00,50.61021330852507
2025-02-19 10:00,49.77499309547073
2025-02-19 11:00,47.8763405910743
2025-02-19 12:00,46.88649227212221
2025-02-19 13:00,46.314619176097
2025-02-19 14:00,45.54862102208591
2025-02-19 15:00,44.69180269012127
2025-02-19 16:00,44.292495037144235
2025-02-19 17:00,43.261240430468646
2025-02-19 18:00,42.02746298740613
2025-02-19 19:00,40.99269597492209
2025-02-19 20:00,40.04416374887127
2025-02-19 21:00,37.94340630137367
2025-02-19 22:00,35.46070870476716
2025-02-19 23:00,32.82202897314184
2025-02-20 00:00,28.97861097168336
2025-02-20 01:00,24.862292990900364
2025-02-20 02:00,21.69765200805698
2025-02-20 03:00,19.26853199732646
2025-02-20 04:00,17.156084442798768
2025-02-20 05:00,15.662406977019538
2025-02-20 06:00,14.384985957875642
2025-02-20 07:00,15.350594507838977
2025-02-20 08:00,17.390940381230905
2025-02-20 09:00,20.123484032023065
2025-02-20 10:00,23.373650287922736
2025-02-20 11:00,28.314815039779937
2025-02-20 12:00,32.145965638446945
2025-02-20 13:00,36.12713547023644
2025-02-20 14:00,39.53104605845539
2025-02-20 15:00,43.172330347948986
2025-02-20 16:00,45.07972699512933
2025-02-20 17:00,46.205289883079125
2025-02-20 18:00,47.1188212115132
2025-02-20 19:00,47.80914953776966
2025-02-20 20:00,48.335464309087
2025-02-20 21:00,48.691515041678365
2025-02-20 22:00,47.9836639074482
2025-02-20 23:00,45.14908142677092
2025-02-21 00:00,42.21581080449371
2025-02-21 01:00,39.41041810075027
2025-02-21 02:00,36.24123530487291
2025-02-21 03:00,32.49870621973487
2025-02-21 04:00,28.983286199885164
2025-02-21 05:00,25.324803793388842
2025-02-21 06:00,21.037620789756538
2025-02-21 07:00,17.712428117978043
2025-02-21 08:00,15.61065026118527
2025-02-21 09:00,16.057832014517288
2025-02-21 10:00,16.98826499590833
2025-02-21 11:00,19.420868504038722
2025-02-21 12:00,23.336590752169247
2025-02-21 13:00,28.343596036176315
2025-02-21 14:00,32.72744759788644
2025-02-21 15:00,37.07442867676876
2025-02-21 16:00,40.83482992842748
2025-02-21 17:00,42.045912492462776
2025-02-21 18:00,41.347105009399186
2025-02-21 19:00,39.57881473411304
2025-02-21 20:00,37.277045148375294
2025-02-21 21:00,34.59456274869725
2025-02-21 22:00,33.01604868874247
2025-02-21 23:00,34.109214731813644
2025-02-22 00:00,36.83379445145452
2025-02-22 01:00,41.00130626713352
2025-02-22 02:00,45.41341308350845
2025-02-22 03:00,48.95568709251667
2025-02-22 04:00,50.23334037914259
2025-02-22 05:00,49.5380334066408
2025-02-22 06:00,45.77488281736741
2025-02-22 07:00,41.21714393098212
2025-02-22 08:00,36.01977421358418
2025-02-22 09:00,31.42131705445139
2025-02-22 10:00,27.943116547668506
2025-02-22 11:00,28.157898081485776
2025-02-22 12:00,29.405517774321318
2025-02-22 13:00,32.51356862366266
2025-02-22 14:00,35.511714630581295
2025-02-22 15:00,37.62709574059905
2025-02-22 16:00,39.06510262758799
2025-02-22 17:00,39.890733837808774
2025-02-22 18:00,37.55898260906468
2025-02-22 19:00,36.20447108367101
2025-02-22 20:00,36.00380396080372
2025-02-22 21:00,35.79830812704889
2025-02-22 22:00,35.72284174285976
2025-02-22 23:00,37.71789715990097
2025-02-23 00:00,37.73889053913313
2025-02-23 01:00,35.57278331640552
2025-02-23 02:00,31.084522636047183
2025-02-23 03:00,26.0994426139899
2025-02-23 04:00,24.611018230653038
2025-02-23 05:00,26.286958346204138
2025-02-23 06:00,31.961021101470255
2025-02-23 07:00,38.72727173596312
2025-02-23 08:00,44.650601628268824
2025-02-23 09:00,47.96406773416148
2025-02-23 10:00,48.89134606428599
2025-02-23 11:00,47.39086300006844
2025-02-23 12:00,46.07891842222938
2025-02-23 13:00,46.99817966272733
2025-02-23 14:00,47.74511280455363
2025-02-23 15:00,48.7112802838108
2025-02-23 16:00,49.04694795634052
2025-02-23 17:00,50.18864980944083
2025-02-23 18:00,50.31671185426438
2025-02-23 19:00,50.20034024901637
2025-02-23 20:00,50.000556869932645
2025-02-23 21:00,49.90329631548525
2025-02-23 22:00,49.549194960775694
2025-02-23 23:00,48.81673233135767
2025-02-24 00:00,48.017759106386805
2025-02-24 01:00,45.45190128696081
2025-02-24 02:00,41.68825430215634
2025-02-24 03:00,37.21639963496474
2025-02-24 04:00,31.464142163793944
2025-02-24 05:00,25.28696784365288
2025-02-24 06:00,20.484794272854778
2025-02-24 07:00,18.759441055981757
2025-02-24 08:00,17.85255974977871
2025-02-24 09:00,18.4057663074341
2025-02-24 10:00,19.494277691381548
2025-02-24 11:00,19.998238864586533
2025-02-24 12:00,18.828760462194015
2025-02-24 13:00,17.762893449347068
2025-02-24 14:00,17.570111071624254
2025-02-24 15:00,17.472190664622282
2025-02-24 16:00,17.214666949818316
2025-02-24 17:00,17.027254314573867
2025-02-24 18:00,15.244703876516294
2025-02-24 19:00,12.099625556842984
2025-02-24 20:00,8.278675410564862
2025-02-24 21:00,5.530318912779296
2025-02-24 22:00,3.0039813669126825
2025-02-24 23:00,1.6818323193059235
2025-02-25 00:00,1.1479027916960949
2025-02-25 01:00,1.3592154756146104
2025-02-25 02:00,1.750724996941684
2025-02-25 03:00,1.8789077946493933
2025-02-25 04:00,1.7855795093815452
2025-02-25 05:00,1.8550930833614472
2025-02-25 06:00,1.7001493918154722
2025-02-25 07:00,1.5186126803039204
2025-02-25 08:00,1.481067951698125
2025-02-25 09:00,2.142429689769874
2025-02-25 10:00,2.880697524904554
2025-02-25 11:00,3.7834001178625605
2025-02-25 12:00,4.788328863709575
2025-02-25 13:00,6.188146130434392
2025-02-25 14:00,7.226478434802289
2025-02-25 15:00,8.418056089361176
2025-02-25 16:00,10.62340372318821
2025-02-25 17:00,12.796866503280427
2025-02-25 18:00,15.342986030122256
2025-02-25 19:00,18.5732710860512
2025-02-25 20:00,21.177281231140178
2025-02-25 21:00,22.428422152647084
2025-02-25 22:00,22.921097087151004
2025-02-25 23:00,23.22215607956499
2025-02-26 00:00,21.558254101047474
2025-02-26 01:00,20.764519026516083
2025-02-26 02:00,20.36923140264517
2025-02-26 03:00,20.98301569141489
2025-02-26 04:00,20.499253462387813
2025-02-26 05:00,21.57086622803148
2025-02-26 06:00,20.02207916146596
2025-02-26 07:00,17.902103300929937
2025-02-26 08:00,14.506556507081992
2025-02-26 09:00,11.707964324797262
2025-02-26 10:00,8.405539467979095
2025-02-26 11:00,7.288173348097669
2025-02-26 12:00,6.64849808225938
2025-02-26 13:00,6.28377499318924
2025-02-26 14:00,5.700226145215237
2025-02-26 15:00,5.0706752873298235
2025-02-26 16:00,3.944706505749501
2025-02-26 17:00,2.5855930697821488
2025-02-26 18:00,1.6966682716939943
2025-02-26 19:00,1.096166203268526
2025-02-26 20:00,0.608140187299549
2025-02-26 21:00,0.366161335384714
2025-02-26 22:00,0.2262677464499045
2025-02-26 23:00,0.19506347425868603
2025-02-27 00:00,0.1659135874006052
2025-02-27 01:00,0.09854461120488242
2025-02-27 02:00,0.044758106155776994
2025-02-27 03:00,0.04290156427552276
2025-02-27 04:00,0.06984303742384301
2025-02-27 05:00,0.07372731866114934
2025-02-27 06:00,0.1276701569917023
2025-02-27 07:00,0.5076902377471832
2025-02-27 08:00,1.0735349040561462
2025-02-27 09:00,1.4912478191932108
2025-02-27 10:00,2.263134918117698
2025-02-27 11:00,3.3795070375740863
2025-02-27 12:00,4.45489070023377
2025-02-27 13:00,5.694817946609051
2025-02-27 14:00,6.796410455021233
2025-02-27 15:00,6.995440521922203
2025-02-27 16:00,7.07807837335522
2025-02-27 17:00,6.932669108143538
2025-02-27 18:00,6.1206151546672505
2025-02-27 19:00,5.697044044527626
2025-02-27 20:00,6.263646557024555
2025-02-27 21:00,5.689734078712509
2025-02-27 22:00,4.691749673896686
2025-02-27 23:00,4.053557639464289
2025-02-28 00:00,3.1724011028435397
2025-02-28 01:00,1.8537668769158284
2025-02-28 02:00,1.4034400053654275
2025-02-28 03:00,1.2614300848932811
2025-02-28 04:00,1.224600669677506
2025-02-28 05:00,1.2287633890277585
2025-02-28 06:00,1.1588916418326343
2025-02-28 07:00,0.99930923640629
2025-02-28 08:00,0.9251621766347922
2025-02-28 09:00,0.8405380154539964
2025-02-28 10:00,0.8700271894253145
2025-02-28 11:00,0.9370763692127028
2025-02-28 12:00,0.973628478866825
2025-02-28 13:00,0.9988516042081225
2025-02-28 14:00,0.8974179760444919
2025-02-28 15:00,0.8401039871706308
2025-02-28 16:00,0.7850306198729841
2025-02-28 17:00,0.6710263817304969
2025-02-28 18:00,0.5726573805944215
2025-02-28 19:00,0.4507554719649984
2025-02-28 20:00,0.24481314459648318
2025-02-28 21:00,0.1478562739070995
2025-02-28 22:00,0.20686595656807616
2025-02-28 23:00,0.35739731305730416
2025-03-01 00:00,0.6343318094389565
2025-03-01 01:00,1.0136092475773588
2025-03-01 02:00,1.2661589791780115
2025-03-01 03:00,1.4412671506963206
2025-03-01 04:00,1.4346016810352555
2025-03-01 05:00,1.2709977107414738
2025-03-01 06:00,1.1729249075519856
2025-03-01 07:00,0.9499583135818301
2025-03-01 08:00,0.7455928473762391
2025-03-01 09:00,0.6328649147177194
2025-03-01 10:00,0.8370041034762636
2025-03-01 11:00,0.8527877128874033
2025-03-01 12:00,1.252827990184872
2025-03-01 13:00,2.5729518333810697
2025-03-01 14:00,3.9849582499351603
2025-03-01 15:00,6.5658296282916755
2025-03-01 16:00,9.571003025020683
2025-03-01 17:00,14.183119205169685
2025-03-01 18:00,17.93476090416507
2025-03-01 19:00,20.778335333054514
2025-03-01 20:00,21.11230264886914
2025-03-01 21:00,20.2872043687206
2025-03-01 22:00,16.91641385092277
2025-03-01 23:00,13.771248081211535
2025-03-02 00:00,11.55302702643503
2025-03-02 01:00,10.085497450776197
2025-03-02 02:00,9.11478599540969
2025-03-02 03:00,9.313545854230036
2025-03-02 04:00,9.049477726572835
2025-03-02 05:00,8.452531426788985
2025-03-02 06:00,8.232951109160604
2025-03-02 07:00,8.03631187887979
2025-03-02 08:00,7.167127435900075
2025-03-02 09:00,7.008928641327371
2025-03-02 10:00,7.01524079552731
2025-03-02 11:00,6.700446566910307
2025-03-02 12:00,6.675112393775734
2025-03-02 13:00,7.342961750281174
2025-03-02 14:00,8.79284451181524
2025-03-02 15:00,12.73303567222538
2025-03-02 16:00,17.66903305044044
2025-03-02 17:00,24.28092246282131
2025-03-02 18:00,32.00149143481802
2025-03-02 19:00,38.609428523254465
2025-03-02 20:00,43.15303679577381
2025-03-02 21:00,46.645838753811816
2025-03-02 22:00,48.836431935087866
2025-03-02 23:00,49.97018990167395
2025-03-03 00:00,50.797153975913325
2025-03-03 01:00,50.9303265710199
2025-03-03 02:00,50.21252546693449
2025-03-03 03:00,49.519601062974424
2025-03-03 04:00,48.507364135801005
2025-03-03 05:00,47.592995564382704
2025-03-03 06:00,47.41861857646198
2025-03-03 07:00,46.842003128930266
2025-03-03 08:00,43.666582019628684
2025-03-03 09:00,39.691214023053796
2025-03-03 10:00,35.95619049990068
2025-03-03 11:00,31.012096514539888
2025-03-03 12:00,26.918981823042838
2025-03-03 13:00,24.178199545497755
2025-03-03 14:00,23.854634121879066
2025-03-03 15:00,24.434425651686418
2025-03-03 16:00,26.54469797810477
2025-03-03 17:00,29.89151005246338
2025-03-03 18:00,33.425953267555045
2025-03-03 19:00,33.97710260773353
2025-03-03 20:00,32.45019534367959
2025-03-03 21:00,30.932546750684175
2025-03-03 22:00,28.967275296783622
2025-03-03 23:00,28.784406679718973
2025-03-04 00:00,30.107434875470936
2025-03-04 01:00,33.31330330027637
2025-03-04 02:00,36.15388605176162
2025-03-04 03:00,38.17796615571832
2025-03-04 04:00,39.93132012053819
2025-03-04 05:00,38.68527571077364
2025-03-04 06:00,35.71111772209158
2025-03-04 07:00,33.35822719110776
2025-03-04 08:00,30.364773988867523
2025-03-04 09:00,26.487232524937564
2025-03-04 10:00,24.171504061013515
2025-03-04 11:00,23.40962654733864
2025-03-04 12:00,20.93899687409035
2025-03-04 13:00,19.69530728952603
2025-03-04 14:00,18.661665709835823
2025-03-04 15:00,19.021995622149934
2025-03-04 16:00,19.18736471045241
2025-03-04 17:00,19.588272185480545
2025-03-04 18:00,19.745806894085224
2025-03-04 19:00,18.684498894826493
2025-03-04 20:00,16.722054769480117
2025-03-04 21:00,14.267123643769315
2025-03-04 22:00,11.684890407080513
2025-03-04 23:00,9.812672224761
2025-03-05 00:00,8.71459711415911
2025-03-05 01:00,8.312212021334043
2025-03-05 02:00,7.680706748566918
2025-03-05 03:00,7.409675811153339
2025-03-05 04:00,6.904943767736701
2025-03-05 05:00,6.197719804017242
2025-03-05 06:00,5.67593328901271
2025-03-05 07:00,5.467427786942658
2025-03-05 08:00,5.197061778396408
2025-03-05 09:00,4.9262927668438525
2025-03-05 10:00,4.9301234119690935
2025-03-05 11:00,4.852417336528834
2025-03-05 12:00,6.744712598936092
2025-03-05 13:00,9.021848952986122
2025-03-05 14:00,11.650702505595696
2025-03-05 15:00,14.565752236894786
2025-03-05 16:00,19.187148424884896
2025-03-05 17:00,22.34250305597171
2025-03-05 18:00,24.647834680308666
2025-03-05 19:00,26.996528496353086
2025-03-05 20:00,29.155685329550938
2025-03-05 21:00,30.69115285962939
2025-03-05 22:00,31.422546917830324
2025-03-05 23:00,33.17383908639693
2025-03-06 00:00,34.25427926386119
2025-03-06 01:00,33.85447765892529
2025-03-06 02:00,30.686641301917398
2025-03-06 03:00,27.063578485722438
2025-03-06 04:00,22.13966480098016
2025-03-06 05:00,17.14250395027018
2025-03-06 06:00,13.308664123912536
2025-03-06 07:00,10.749978447806885
2025-03-06 08:00,9.463254547065986
2025-03-06 09:00,9.400991699247207
2025-03-06 10:00,9.77787881993745
2025-03-06 11:00,11.290842204362923
2025-03-06 12:00,14.35517806634555
2025-03-06 13:00,18.674693677699587
2025-03-06 14:00,23.425190386919045
2025-03-06 15:00,27.613168194665366
2025-03-06 16:00,30.379527678566443
2025-03-06 17:00,29.82899749569703
2025-03-06 18:00,26.165900274618128
2025-03-06 19:00,20.978691749205755
2025-03-06 20:00,15.850760595729628
2025-03-06 21:00,11.434863844779075
2025-03-06 22:00,8.20207981422276
2025-03-06 23:00,6.1049481111311685
2025-03-07 00:00,4.610204981219573
2025-03-07 01:00,3.485146564804231
2025-03-07 02:00,2.32585256643404
2025-03-07 03:00,1.8061555950598518
2025-03-07 04:00,1.4802896719424798
2025-03-07 05:00,1.2961794848685257
2025-03-07 06:00,0.9913938681680419
2025-03-07 07:00,0.6514140953261753
2025-03-07 08:00,0.46227312702513573
2025-03-07 09:00,0.2038353003301494
2025-03-07 10:00,0.08319723694431669
2025-03-07 11:00,0.05046337140078246
2025-03-07 12:00,0.2483808930107581
2025-03-07 13:00,1.0498668317910176
2025-03-07 14:00,2.4624353713465092
2025-03-07 15:00,3.588085708165521
2025-03-07 16:00,4.521408043406922
2025-03-07 17:00,4.800067989112035
2025-03-07 18:00,4.312986851216385
2025-03-07 19:00,2.977703590775736
2025-03-07 20:00,1.8566372295197522
2025-03-07 21:00,0.9750623439663233
2025-03-07 22:00,0.47727727298096656
2025-03-07 23:00,0.1564515139022507
2025-03-08 00:00,0.09510534530897713
2025-03-08 01:00,0.10252484182248678
2025-03-08 02:00,0.1178152220534262
2025-03-08 03:00,0.35691078020532385
2025-03-08 04:00,0.5333595610606612
2025-03-08 05:00,0.636439854327518
2025-03-08 06:00,1.1197265104351128
2025-03-08 07:00,1.0944093197231284
2025-03-08 08:00,0.8721084359863962
2025-03-08 09:00,0.7621102751299622
2025-03-08 10:00,0.7113154754246496
2025-03-08 11:00,0.36193125708666085
2025-03-08 12:00,0.831435239463444
2025-03-08 13:00,1.7434558561873417
2025-03-08 14:00,2.909587580512922
2025-03-08 15:00,3.9281362365522634
2025-03-08 16:00,4.446128124051617
2025-03-08 17:00,4.382208794924145
2025-03-08 18:00,3.5732034305072107
2025-03-08 19:00,2.5398131844076737
2025-03-08 20:00,1.8165987556196999
2025-03-08 21:00,1.4793422901690194
2025-03-08 22:00,1.4523546907160394
2025-03-08 23:00,1.8467401619068713
2025-03-09 00:00,2.039536850751418
2025-03-09 01:00,2.0618457757266717
2025-03-09 02:00,2.0701210450379266
2025-03-09 03:00,1.9866198996121547
2025-03-09 04:00,1.878180876449639
2025-03-09 05:00,1.7439060713744137
2025-03-09 06:00,1.4138531698387302
2025-03-09 07:00,1.1821122924431766
2025-03-09 08:00,1.1247257944585367
2025-03-09 09:00,1.253552246087287
2025-03-09 10:00,1.4237726643385922
2025-03-09 11:00,2.2952053791786704
2025-03-09 12:00,3.834813388522742
2025-03-09 13:00,5.136130304960309
2025-03-09 14:00,6.846977474920015
2025-03-09 15:00,8.037612808644914
2025-03-09 16:00,8.365476333677737
2025-03-09 17:00,7.787704111160434
2025-03-09 18:00,6.990643612808493
2025-03-09 19:00,5.000243517240743
2025-03-09 20:00,3.4645454823208235
2025-03-09 21:00,2.2318101102409775
2025-03-09 22:00,1.2102115023011228
2025-03-09 23:00,0.48007277127902875
2025-03-10 00:00,0.27091054002517573
2025-03-10 01:00,0.2246900355762475
2025-03-10 02:00,0.4383791692383413
2025-03-10 03:00,0.5244695070473401
2025-03-10 04:00,0.6830851512924376
2025-03-10 05:00,0.7872214353137027
2025-03-10 06:00,1.220959396138967
2025-03-10 07:00,1.5465784151607405
2025-03-10 08:00,2.3775190688061643
2025-03-10 09:00,3.206928980630047
2025-03-10 10:00,3.943155974669378
2025-03-10 11:00,4.0866225249858585
2025-03-10 12:00,3.7905635895452696
2025-03-10 13:00,3.1152578824450434
2025-03-10 14:00,2.889217883104392
2025-03-10 15:00,2.6881224791745586
2025-03-10 16:00,2.253074309118807
2025-03-10 17:00,2.1413511053934635
2025-03-10 18:00,2.1090188972979167
2025-03-10 19:00,1.604456474815668
2025-03-10 20:00,1.0832629101253506
2025-03-10 21:00,1.0760245867587688
2025-03-10 22:00,1.0182992684328944
2025-03-10 23:00,1.034214767504105
2025-03-11 00:00,0.8953708090511963
2025-03-11 01:00,1.114432723558196
2025-03-11 02:00,1.409773116867988
2025-03-11 03:00,2.190441740984673
2025-03-11 04:00,2.788410392573111
2025-03-11 05:00,3.470745683529347
2025-03-11 06:00,3.394758089071513
2025-03-11 07:00,3.166682582928181
2025-03-11 08:00,2.3319936748214167
2025-03-11 09:00,1.4666382008358316
2025-03-11 10:00,0.6204074803513435
2025-03-11 11:00,0.3392883737767128
2025-03-11 12:00,0.13649491073011472
2025-03-11 13:00,0.15339158136031855
2025-03-11 14:00,0.3819892073006065
2025-03-11 15:00,0.7757733430950828
2025-03-11 16:00,1.1001704329120785
2025-03-11 17:00,1.453487010997387
2025-03-11 18:00,1.5623211723754555
2025-03-11 19:00,1.577099265435542
2025-03-11 20:00,1.3826651256595721
2025-03-11 21:00,1.2719622070562828
2025-03-11 22:00,1.060399381889143
2025-03-11 23:00,1.04985373849734
2025-03-12 00:00,1.1380059346291103
2025-03-12 01:00,1.5241230772575947
2025-03-12 02:00,1.9001131699042202
2025-03-12 03:00,2.015242235456728
2025-03-12 04:00,1.9026443371628836
2025-03-12 05:00,1.6268488779493437
2025-03-12 06:00,1.1496372830837536
2025-03-12 07:00,0.8571309123865458
2025-03-12 08:00,0.9214361763184687
2025-03-12 09:00,1.1955448564780826
2025-03-12 10:00,1.9799404883700333
2025-03-12 11:00,2.784165542045592
2025-03-12 12:00,3.387648301360076
2025-03-12 13:00,3.559723040530668
2025-03-12 14:00,3.663427804433321
2025-03-12 15:00,3.1391395634105215
2025-03-12 16:00,2.4025061067177367
2025-03-12 17:00,1.8619275155289023
2025-03-12 18:00,1.9344888362195036
2025-03-12 19:00,2.2753124201389596
2025-03-12 20:00,3.5041286315866698
2025-03-12 21:00,5.3890488187710135
2025-03-12 22:00,8.060945427762395
2025-03-12 23:00,10.108323957686897
2025-03-13 00:00,12.159506196471462
2025-03-13 01:00,14.033592374456145
2025-03-13 02:00,14.357696219371258
2025-03-13 03:00,14.134683808971436
2025-03-13 04:00,14.351236981537335
2025-03-13 05:00,14.388399500702201
2025-03-13 06:00,13.863507483628084
2025-03-13 07:00,14.783175118299932
2025-03-13 08:00,16.560317340153357
2025-03-13 09:00,18.288635425215947
2025-03-13 10:00,21.832477984609
2025-03-13 11:00,26.507444257440234
2025-03-13 12:00,32.05803896470953
2025-03-13 13:00,36.891481778146456
2025-03-13 14:00,41.73350584923081
2025-03-13 15:00,44.598648755097045
2025-03-13 16:00,45.40424059911322
2025-03-13 17:00,43.49708350155888
2025-03-13 18:00,39.762507368381854
2025-03-13 19:00,34.258458248327926
2025-03-13 20:00,28.188377628335058
2025-03-13 21:00,24.476655513369153
2025-03-13 22:00,19.985547642868106
2025-03-13 23:00,15.66616535251346
2025-03-14 00:00,13.420252887511074
2025-03-14 01:00,12.054413920981407
2025-03-14 02:00,9.485706315638408
2025-03-14 03:00,9.103842823394123
2025-03-14 04:00,10.023236810305908
2025-03-14 05:00,10.13204822267952
2025-03-14 06:00,9.539991478499113
2025-03-14 07:00,8.795409863121797
2025-03-14 08:00,8.437654597595808
2025-03-14 09:00,7.809138937696817
2025-03-14 10:00,7.569086227539972
2025-03-14 11:00,7.330410526036168
2025-03-14 12:00,7.153404907416151
2025-03-14 13:00,7.097760516555475
2025-03-14 14:00,8.120825756360498
2025-03-14 15:00,9.33143275107146
2025-03-14 16:00,9.43523414990428
2025-03-14 17:00,9.291733580212842
2025-03-14 18:00,8.547460880992091
2025-03-14 19:00,6.637576896099313
2025-03-14 20:00,5.152339428407329
2025-03-14 21:00,5.423837067589839
2025-03-14 22:00,6.929915762634953
2025-03-14 23:00,8.286592299844108
2025-03-15 00:00,9.398412927347014
2025-03-15 01:00,10.204384841497381
2025-03-15 02:00,11.141207404101682
2025-03-15 03:00,11.319068282739991
2025-03-15 04:00,11.760273306647063
2025-03-15 05:00,11.1588607305487
2025-03-15 06:00,11.927311617712265
2025-03-15 07:00,13.66321806844581
2025-03-15 08:00,14.932691247510713
2025-03-15 09:00,16.048146504964684
2025-03-15 10:00,18.737026595888203
2025-03-15 11:00,19.85926233219154
2025-03-15 12:00,18.751758111211423
2025-03-15 13:00,17.764343621976778
2025-03-15 14:00,16.70029868889878
2025-03-15 15:00,15.099810868446747
2025-03-15 16:00,12.547314934160998
2025-03-15 17:00,10.90886203562397
2025-03-15 18:00,9.003445249118593
2025-03-15 19:00,7.141663055837917
2025-03-15 20:00,5.269383512133838
2025-03-15 21:00,4.432900888789386
2025-03-15 22:00,3.9607972123286985
2025-03-15 23:00,3.5745920453528512
2025-03-16 00:00,3.6440776402146384
2025-03-16 01:00,4.561136496172763
2025-03-16 02:00,5.4976459636486465
2025-03-16 03:00,6.188260568382981
2025-03-16 04:00,6.929748148253577
2025-03-16 05:00,7.54976783535471
2025-03-16 06:00,8.141131244237465
2025-03-16 07:00,8.79471916335888
2025-03-16 08:00,12.1677024755269
2025-03-16 09:00,18.119379882058496
2025-03-16 10:00,24.316042145529252
2025-03-16 11:00,31.79862679416102
2025-03-16 12:00,40.61385395768365
2025-03-16 13:00,46.70729731251168
2025-03-16 14:00,50.464175834899265
2025-03-16 15:00,53.653614823547606
2025-03-16 16:00,55.14972456260514
2025-03-16 17:00,54.95586852689125
2025-03-16 18:00,54.66794417765932
2025-03-16 19:00,54.607146883339034
2025-03-16 20:00,54.76332528212562
2025-03-16 21:00,54.905456769002306
2025-03-16 22:00,55.35141852588676
2025-03-16 23:00,55.753503229194436
2025-03-17 00:00,55.73900658615446
2025-03-17 01:00,55.430354148557925
2025-03-17 02:00,54.968031471827615
2025-03-17 03:00,54.53289994268323
2025-03-17 04:00,54.1865042913415
2025-03-17 05:00,53.602920520762986
2025-03-17 06:00,51.79007243477927
2025-03-17 07:00,48.36634465487972
2025-03-17 08:00,43.1341342465394
2025-03-17 09:00,35.94732487049315
2025-03-17 10:00,28.918467011567333
2025-03-17 11:00,22.79621144605768
2025-03-17 12:00,18.39567491245466
2025-03-17 13:00,15.515405166127604
2025-03-17 14:00,14.000061796546902
2025-03-17 15:00,11.944932278527265
2025-03-17 16:00,9.494655682003769
2025-03-17 17:00,7.255764513614342
2025-03-17 18:00,5.5293449464597035
2025-03-17 19:00,6.164241952265047
2025-03-17 20:00,10.393326282398899
2025-03-17 21:00,17.92985083183339
2025-03-17 22:00,25.53121610216805
2025-03-17 23:00,33.44222574799734
2025-03-18 00:00,38.94105935967277
2025-03-18 01:00,42.58530035357012
2025-03-18 02:00,44.56476531873356
2025-03-18 03:00,46.63755686589671
2025-03-18 04:00,47.68409813793221
2025-03-18 05:00,49.79206457330084
2025-03-18 06:00,50.71868062496732
2025-03-18 07:00,50.969824693817884
2025-03-18 08:00,51.31305303695255
2025-03-18 09:00,52.20254072415496
2025-03-18 10:00,52.62333580816615
2025-03-18 11:00,53.170293151578676
2025-03-18 12:00,53.85958152414653
2025-03-18 13:00,54.16306363970299
2025-03-18 14:00,54.41361376282091
2025-03-18 15:00,54.58501007704366
2025-03-18 16:00,54.504891033490615
2025-03-18 17:00,54.24519534181928
2025-03-18 18:00,53.77141551066984
2025-03-18 19:00,53.1610448759581
2025-03-18 20:00,52.6843985828293
2025-03-18 21:00,52.361090005332656
2025-03-18 22:00,50.85993639533911
2025-03-18 23:00,47.87175239745354
2025-03-19 00:00,44.635615259073845
2025-03-19 01:00,41.7493301270188
2025-03-19 02:00,36.79972765786523
2025-03-19 03:00,32.18022039542349
2025-03-19 04:00,27.937885583337028
2025-03-19 05:00,22.96040646074285
2025-03-19 06:00,17.7721235953587
2025-03-19 07:00,14.796724534339521
2025-03-19 08:00,12.051358021195133
2025-03-19 09:00,10.620649558014694
2025-03-19 10:00,9.924430830335933
2025-03-19 11:00,9.384903587540673
2025-03-19 12:00,8.941139780133167
2025-03-19 13:00,9.26549086314654
2025-03-19 14:00,9.430978468207625
2025-03-19 15:00,9.625927394476186
2025-03-19 16:00,9.069377544548825
2025-03-19 17:00,7.748058967576706
2025-03-19 18:00,6.340802845425195
2025-03-19 19:00,5.632150680783525
2025-03-19 20:00,5.133074817500714
2025-03-19 21:00,5.24996154803459
2025-03-19 22:00,5.927017488424728
2025-03-19 23:00,6.654692180301536
2025-03-20 00:00,8.900555160474516
2025-03-20 01:00,12.103433368455901
2025-03-20 02:00,16.261828867034232
2025-03-20 03:00,20.814007365300036
2025-03-20 04:00,26.501730418793603
2025-03-20 05:00,30.0651485551114
2025-03-20 06:00,34.4699780593714
2025-03-20 07:00,38.1962248856589
2025-03-20 08:00,39.79369344614631
2025-03-20 09:00,38.5956542060983
2025-03-20 10:00,36.30077164358418
2025-03-20 11:00,32.59658697043191
2025-03-20 12:00,28.29296052372423
2025-03-20 13:00,26.002247224049853
2025-03-20 14:00,25.783111872928913
2025-03-20 15:00,29.20952976004969
2025-03-20 16:00,32.24246450364108
2025-03-20 17:00,35.18363169247268
2025-03-20 18:00,37.27817548505142
2025-03-20 19:00,38.39632590942129
2025-03-20 20:00,37.28874767299867
2025-03-20 21:00,36.20788759931717
2025-03-20 22:00,35.35937538027148
2025-03-20 23:00,35.57034259484906
2025-03-21 00:00,36.14039312369689
2025-03-21 01:00,36.00098511644675
2025-03-21 02:00,36.35603978137721
2025-03-21 03:00,37.614885051478055
2025-03-21 04:00,38.656905976981434
2025-03-21 05:00,39.83269421866874
2025-03-21 06:00,40.11686337097681
2025-03-21 07:00,39.5520267044386
2025-03-21 08:00,35.86873000329532
2025-03-21 09:00,30.936658132985173
2025-03-21 10:00,26.30887037027132
2025-03-21 11:00,22.13171959056785
2025-03-21 12:00,18.830672806908304
2025-03-21 13:00,16.809274878366203
2025-03-21 14:00,15.207020837464864
2025-03-21 15:00,12.501473441237092
2025-03-21 16:00,10.30354707314088
2025-03-21 17:00,7.293326705296897
2025-03-21 18:00,5.426316425541893
2025-03-21 19:00,4.461895780085898
2025-03-21 20:00,4.170535266012487
2025-03-21 21:00,5.710783671168047
2025-03-21 22:00,10.106185881896732
2025-03-21 23:00,14.36991905982228
2025-03-22 00:00,19.142033279990113
2025-03-22 01:00,24.908443001589593
2025-03-22 02:00,27.858095373021833
2025-03-22 03:00,29.520739721567516
2025-03-22 04:00,31.164204294830473
2025-03-22 05:00,31.518202544621097
2025-03-22 06:00,31.26330746161297
2025-03-22 07:00,30.093232815678157
2025-03-22 08:00,26.11739587589678
2025-03-22 09:00,22.45814680320333
2025-03-22 10:00,19.061934928420204
2025-03-22 11:00,15.96873546930098
2025-03-22 12:00,15.407264867199041
2025-03-22 13:00,15.841710830992923
2025-03-22 14:00,15.932967021528384
2025-03-22 15:00,18.13044733337359
2025-03-22 16:00,20.631645269744467
2025-03-22 17:00,21.768915204941873
2025-03-22 18:00,21.984806986276016
2025-03-22 19:00,21.71410884344452
2025-03-22 20:00,20.123474377757088
2025-03-22 21:00,17.977573154424956
2025-03-22 22:00,17.3500450786482
2025-03-22 23:00,19.56521988529744
2025-03-23 00:00,21.993863513613288
2025-03-23 01:00,23.35605279357177
2025-03-23 02:00,24.1175954458211
2025-03-23 03:00,22.318058649018965
2025-03-23 04:00,18.830331133332663
2025-03-23 05:00,15.462572285581563
2025-03-23 06:00,12.76655442550285
2025-03-23 07:00,10.778070460362077
2025-03-23 08:00,10.56888054713831
2025-03-23 09:00,10.675535760900626
2025-03-23 10:00,11.040144548212208
2025-03-23 11:00,11.70947276856447
2025-03-23 12:00,12.597716446968544
2025-03-23 13:00,14.121982443130653
2025-03-23 14:00,16.13740834630857
2025-03-23 15:00,18.647630380184477
2025-03-23 16:00,19.747596434474097
2025-03-23 17:00,19.306191386192292
2025-03-23 18:00,17.8558165713982
2025-03-23 19:00,16.378233599753923
2025-03-23 20:00,16.475123696350007
2025-03-23 21:00,17.044932836762037
2025-03-23 22:00,19.079644465439735
2025-03-23 23:00,23.766768081758073
2025-03-24 00:00,29.529791464397498
2025-03-24 01:00,33.78741748268992
2025-03-24 02:00,37.40212139765457
2025-03-24 03:00,41.85944483180075
2025-03-24 04:00,44.957265202103954
2025-03-24 05:00,46.986621104583065
2025-03-24 06:00,49.054202504949274
2025-03-24 07:00,52.54561505561244
2025-03-24 08:00,54.833157914785446
2025-03-24 09:00,56.560978195580944
2025-03-24 10:00,57.75682512970775
2025-03-24 11:00,58.149302641329044
2025-03-24 12:00,58.03275815282261
2025-03-24 13:00,57.391184064085294
2025-03-24 14:00,56.35114012209808
2025-03-24 15:00,55.065026957409984
2025-03-24 16:00,53.73438122582221
2025-03-24 17:00,51.56945087587381
2025-03-24 18:00,49.43053153443934
2025-03-24 19:00,46.15326409990191
2025-03-24 20:00,41.56333030252248
2025-03-24 21:00,35.0340378382209
2025-03-24 22:00,29.686172218736772
2025-03-24 23:00,24.591712722855487
2025-03-25 00:00,20.777991711351255
2025-03-25 01:00,17.92751656651705
2025-03-25 02:00,16.57373663718781
2025-03-25 03:00,15.605958811963669
2025-03-25 04:00,14.646212664128953
2025-03-25 05:00,14.563018449962069
2025-03-25 06:00,14.98576236433654
2025-03-25 07:00,18.021130029632097
2025-03-25 08:00,22.79314330632281
2025-03-25 09:00,29.07488547916814
2025-03-25 10:00,36.02420583407312
2025-03-25 11:00,43.59180567071555
2025-03-25 12:00,49.18891553795652
2025-03-25 13:00,52.07477710652919
2025-03-25 14:00,50.95496571269726
2025-03-25 15:00,45.451642690748656
2025-03-25 16:00,37.31003615768361
2025-03-25 17:00,27.968555408146138
2025-03-25 18:00,18.31195248942225
2025-03-25 19:00,11.047454210017786
2025-03-25 20:00,6.896337533292325
2025-03-25 21:00,4.742207172295416
2025-03-25 22:00,3.433548400501415
2025-03-25 23:00,3.0283285113578753
2025-03-26 00:00,2.5910619213911295
2025-03-26 01:00,2.153605395246174
2025-03-26 02:00,1.6461807034779472
2025-03-26 03:00,1.3718490153337397
2025-03-26 04:00,1.0921534969680835
2025-03-26 05:00,0.8549936843119511
2025-03-26 06:00,0.5365648530137315
2025-03-26 07:00,0.44260317284726103
2025-03-26 08:00,0.674501056427562
2025-03-26 09:00,0.9377196151942611
2025-03-26 10:00,2.2558561434823807
2025-03-26 11:00,3.859360259429623
2025-03-26 12:00,5.178529594824163
2025-03-26 13:00,6.656533915389815
2025-03-26 14:00,7.950200385862305
2025-03-26 15:00,8.923653642787345
2025-03-26 16:00,11.851575204158436
2025-03-26 17:00,17.217640917917215
2025-03-26 18:00,23.776445029662987
2025-03-26 19:00,31.46096677395201
2025-03-26 20:00,38.34077059915253
2025-03-26 21:00,43.75128433230141
2025-03-26 22:00,46.97522848576513
2025-03-26 23:00,48.61061202714756
2025-03-27 00:00,48.85763537363387
2025-03-27 01:00,49.239736189144566
2025-03-27 02:00,48.94923900385172
2025-03-27 03:00,48.318624258055614
2025-03-27 04:00,47.57009957022545
2025-03-27 05:00,46.53241123518526
2025-03-27 06:00,45.32056704548318
2025-03-27 07:00,42.404031720725776
2025-03-27 08:00,38.45066251223822
2025-03-27 09:00,31.885539377715247
2025-03-27 10:00,25.035768637874355
2025-03-27 11:00,18.427203784271
2025-03-27 12:00,14.995385167957107
2025-03-27 13:00,13.683172233122159
2025-03-27 14:00,16.85965210142867
2025-03-27 15:00,22.52680026687805
2025-03-27 16:00,29.975323010270603
2025-03-27 17:00,35.47663841524133
2025-03-27 18:00,40.732826779755996
2025-03-27 19:00,44.45329814458242
2025-03-27 20:00,46.81967532978602
2025-03-27 21:00,46.75796255714445
2025-03-27 22:00,48.37153898345631
2025-03-27 23:00,49.426235509324286
2025-03-28 00:00,50.67167826103352
2025-03-28 01:00,51.516539744971986
2025-03-28 02:00,52.99464121330326
2025-03-28 03:00,53.0662655230165
2025-03-28 04:00,53.49022596146369
2025-03-28 05:00,53.806359885674986
2025-03-28 06:00,54.41256489625537
2025-03-28 07:00,54.79861343965579
2025-03-28 08:00,55.42747295151962
2025-03-28 09:00,55.41394439827464
2025-03-28 10:00,54.93741665099806
2025-03-28 11:00,54.465144130298896
2025-03-28 12:00,54.477884616176425
2025-03-28 13:00,54.32319228713369
2025-03-28 14:00,54.441015101041195
2025-03-28 15:00,54.768327994184446
2025-03-28 16:00,54.601926295205736
2025-03-28 17:00,53.88736849004181
2025-03-28 18:00,52.50176400425528
2025-03-28 19:00,50.62994941325129
2025-03-28 20:00,47.62944461643822
2025-03-28 21:00,42.32213887682173
2025-03-28 22:00,36.8059886204442
2025-03-28 23:00,32.00727075259122
2025-03-29 00:00,26.226160973070996
2025-03-29 01:00,21.683187355431283
2025-03-29 02:00,19.78101052247833
2025-03-29 03:00,17.487038562266537
2025-03-29 04:00,14.417195964730386
2025-03-29 05:00,12.269123634795918
2025-03-29 06:00,10.239323539823022
2025-03-29 07:00,7.725255894346842
2025-03-29 08:00,6.546354191206063
2025-03-29 09:00,6.27909053706164
2025-03-29 10:00,6.883003235802411
2025-03-29 11:00,12.575620302385142
2025-03-29 12:00,20.44250104425039
2025-03-29 13:00,29.274002104665424
2025-03-29 14:00,38.86782778299805
2025-03-29 15:00,47.25966163979672
2025-03-29 16:00,49.89529573944999
2025-03-29 17:00,49.7792982739514
2025-03-29 18:00,47.683727282510006
2025-03-29 19:00,43.43720678203111
2025-03-29 20:00,39.49569391782957
2025-03-29 21:00,34.777717875382635
2025-03-29 22:00,29.726018599028645
2025-03-29 23:00,24.227043312511903
2025-03-30 00:00,19.136687503923657
2025-03-30 01:00,14.626451098311298
2025-03-30 02:00,10.90949067456599
2025-03-30 03:00,9.40320653778905
2025-03-30 04:00,10.410456843045239
2025-03-30 05:00,13.7651286538499
2025-03-30 06:00,15.702600026356606
2025-03-30 07:00,18.151860080277274
2025-03-30 08:00,19.418229536975172
2025-03-30 09:00,18.278297164244297
2025-03-30 10:00,15.844131473399653
2025-03-30 11:00,14.986796529350945
2025-03-30 12:00,14.367936815905377
2025-03-30 13:00,13.70158177125622
2025-03-30 14:00,13.669071050691173
2025-03-30 15:00,13.427427000398831
2025-03-30 16:00,12.57612299300711
2025-03-30 17:00,10.87667035761735
2025-03-30 18:00,9.12555349857661
2025-03-30 19:00,8.646168607208734
2025-03-30 20:00,8.164037755834169
2025-03-30 21:00,7.410422121667109
2025-03-30 22:00,6.620355297521726
2025-03-30 23:00,6.008343893810862
2025-03-31 00:00,4.346508138771115
2025-03-31 01:00,3.183122404963643
2025-03-31 02:00,2.8506098303448395
2025-03-31 03:00,3.1107584173905036
2025-03-31 04:00,3.217458571149129
2025-03-31 05:00,3.3158422872832576
2025-03-31 06:00,3.1014277571876923
2025-03-31 07:00,3.1623732581039135
2025-03-31 08:00,2.636291051785616
2025-03-31 09:00,2.601217460213847
2025-03-31 10:00,2.677401172675372
2025-03-31 11:00,2.723286362606958
2025-03-31 12:00,2.4046653663377806
2025-03-31 13:00,2.7386440789594464
2025-03-31 14:00,2.8575744195122925
2025-03-31 15:00,2.888059925391799
2025-03-31 16:00,2.57324196483045
2025-03-31 17:00,2.3207514566337957
2025-03-31 18:00,1.8218013297556919
2025-03-31 19:00,1.3211458956761577
2025-03-31 20:00,0.8852776247404902
2025-03-31 21:00,0.635589820731287
2025-03-31 22:00,0.4296869733351193
2025-03-31 23:00,0.3629266197966754
2025-04-01 00:00,0.34808930380471836
2025-04-01 01:00,0.3038960496877839
2025-04-01 02:00,0.3446897186016294
2025-04-01 03:00,0.4142119182127811
2025-04-01 04:00,0.6052738267380329
2025-04-01 05:00,0.6680657360496416
2025-04-01 06:00,0.7667288331880922
2025-04-01 07:00,0.9382941170226499
2025-04-01 08:00,1.1579552906789015
2025-04-01 09:00,1.2129228175286013
2025-04-01 10:00,1.5886939504276911
2025-04-01 11:00,2.4929107282594463
2025-04-01 12:00,3.5184930928973976
2025-04-01 13:00,4.885447022119458
2025-04-01 14:00,6.521817800668343
2025-04-01 15:00,8.373513685270565
2025-04-01 16:00,8.492363721259503
2025-04-01 17:00,7.830472129469764
2025-04-01 18:00,6.411735318722552
2025-04-01 19:00,4.511425401210071
2025-04-01 20:00,2.1921793557995186
2025-04-01 21:00,1.0569438242629552
2025-04-01 22:00,0.5217075046543311
2025-04-01 23:00,0.3203036071813691
2025-04-02 00:00,0.4393078142833688
2025-04-02 01:00,0.6546427530810506
2025-04-02 02:00,0.8877502406154083
2025-04-02 03:00,1.0718371563710274
2025-04-02 04:00,1.3583972897633685
2025-04-02 05:00,1.3776046518256535
2025-04-02 06:00,1.5277984312933
2025-04-02 07:00,1.8073509785124169
2025-04-02 08:00,1.7156694931874967
2025-04-02 09:00,1.8311994163374237
2025-04-02 10:00,2.3456664065806687
2025-04-02 11:00,3.2608374687654234
2025-04-02 12:00,4.620147549334346
2025-04-02 13:00,6.5651176911079485
2025-04-02 14:00,9.304211594003386
2025-04-02 15:00,12.41569726923648
2025-04-02 16:00,16.251215020181384
2025-04-02 17:00,18.038365959577202
2025-04-02 18:00,18.469962408512693
2025-04-02 19:00,16.48961107979314
2025-04-02 20:00,13.286978873355462
2025-04-02 21:00,9.591660234858578
2025-04-02 22:00,7.801810062008139
2025-04-02 23:00,6.7686553963960305
2025-04-03 00:00,7.065376293667922
2025-04-03 01:00,8.24921426515834
2025-04-03 02:00,8.24677439601346
2025-04-03 03:00,7.611402317938948
2025-04-03 04:00,7.041095109158621
2025-04-03 05:00,6.229074710746579
2025-04-03 06:00,5.061835052666804
2025-04-03 07:00,3.9561664280565303
2025-04-03 08:00,2.803144389839532
2025-04-03 09:00,1.9183014663183424
2025-04-03 10:00,1.5045387642747925
2025-04-03 11:00,2.1113842788117294
2025-04-03 12:00,3.8367102069674983
2025-04-03 13:00,6.136304834987397
2025-04-03 14:00,8.964542596240053
2025-04-03 15:00,12.369744728643486
2025-04-03 16:00,13.565939217320516
2025-04-03 17:00,12.829225590518991
2025-04-03 18:00,11.0234470121955
2025-04-03 19:00,8.21758346549536
2025-04-03 20:00,4.541206294963015
2025-04-03 21:00,2.1362644076165367
2025-04-03 22:00,0.8997461248123395
2025-04-03 23:00,0.3877798682966593
2025-04-04 00:00,0.3773356871417549
2025-04-04 01:00,0.3603651854835329
2025-04-04 02:00,0.3790981812546633
2025-04-04 03:00,0.3106346251674499
2025-04-04 04:00,0.23100041535403132
2025-04-04 05:00,0.20447058757230502
2025-04-04 06:00,0.20192372400261144
2025-04-04 07:00,0.14230281788199645
2025-04-04 08:00,0.3442677678583866
2025-04-04 09:00,0.8651164843546045
2025-04-04 10:00,1.447943867755162
2025-04-04 11:00,2.4572346663809803
2025-04-04 12:00,3.7240612079701796
2025-04-04 13:00,4.985649750037197
2025-04-04 14:00,5.724591264551063
2025-04-04 15:00,6.074032435306118
2025-04-04 16:00,5.7883771767081695
2025-04-04 17:00,4.803364501467341
2025-04-04 18:00,3.62729265341967
2025-04-04 19:00,2.6929021668827184
2025-04-04 20:00,2.347567665940237
2025-04-04 21:00,2.147683152588698
2025-04-04 22:00,2.5834114206585914
2025-04-04 23:00,2.8137566756317804
2025-04-05 00:00,2.8336142740435006
2025-04-05 01:00,2.8882782709817705
2025-04-05 02:00,3.1784438036442983
2025-04-05 03:00,4.426195333569499
2025-04-05 04:00,6.390804369652288
2025-04-05 05:00,10.622740117529405
2025-04-05 06:00,16.213077989066925
2025-04-05 07:00,23.76560919716901
2025-04-05 08:00,29.766316100826806
2025-04-05 09:00,35.39707226122182
2025-04-05 10:00,40.72638763008486
2025-04-05 11:00,42.5782253923994
2025-04-05 12:00,41.938457786576556
2025-04-05 13:00,40.31459236791843
2025-04-05 14:00,38.18827617430243
2025-04-05 15:00,33.520205118918724
2025-04-05 16:00,28.727850081039584
2025-04-05 17:00,23.421476955883353
2025-04-05 18:00,20.074419747113247
2025-04-05 19:00,15.939834370689095
2025-04-05 20:00,11.718223925240101
2025-04-05 21:00,9.46686475812819
2025-04-05 22:00,8.692235755170405
2025-04-05 23:00,7.480667642925136
2025-04-06 00:00,7.08835009971615
2025-04-06 01:00,6.728262005603064
2025-04-06 02:00,6.159801253223808
2025-04-06 03:00,5.037484738223209
2025-04-06 04:00,3.916050086258404
2025-04-06 05:00,3.072325723348539
2025-04-06 06:00,3.071025268552768
2025-04-06 07:00,3.7355455642687745
2025-04-06 08:00,4.465146238353556
2025-04-06 09:00,4.966550778506433
2025-04-06 10:00,5.88294397756244
2025-04-06 11:00,7.108123334523782
2025-04-06 12:00,7.984466287369244
2025-04-06 13:00,8.792563767008293
2025-04-06 14:00,9.418995465123748
2025-04-06 15:00,9.48991017421125
2025-04-06 16:00,8.749580468351507
2025-04-06 17:00,7.957761624934074
2025-04-06 18:00,6.850868957831693
2025-04-06 19:00,5.692739640030385
2025-04-06 20:00,4.48117562143401
2025-04-06 21:00,3.7104342234605867
2025-04-06 22:00,2.8308582890891913
2025-04-06 23:00,2.485200234560844
2025-04-07 00:00,2.472989212298354
2025-04-07 01:00,3.0583513365096793
2025-04-07 02:00,3.937572682220631
2025-04-07 03:00,4.794051087416072
2025-04-07 04:00,5.755390948325899
2025-04-07 05:00,6.46808846559519
2025-04-07 06:00,7.423643052623707
2025-04-07 07:00,9.756936061409261
2025-04-07 08:00,13.354429113623993
2025-04-07 09:00,19.700498058812464
2025-04-07 10:00,26.67261153098778
2025-04-07 11:00,34.40730473984051
2025-04-07 12:00,41.326736947326694
2025-04-07 13:00,47.07972263103674
2025-04-07 14:00,49.68785226918572
2025-04-07 15:00,51.7792706392848
2025-04-07 16:00,52.75609797252589
2025-04-07 17:00,52.89647136958068
2025-04-07 18:00,52.9867284044701
2025-04-07 19:00,53.07526597229262
2025-04-07 20:00,53.48625470450442
2025-04-07 21:00,53.46644525006542
2025-04-07 22:00,53.49181912703595
2025-04-07 23:00,53.021625535771456
2025-04-08 00:00,52.55709273423129
2025-04-08 01:00,51.34447470902287
2025-04-08 02:00,50.084366889105794
2025-04-08 03:00,48.49569930064951
2025-04-08 04:00,45.88098288345343
2025-04-08 05:00,42.03226790424448
2025-04-08 06:00,39.046686321399534
2025-04-08 07:00,34.46963781582631
2025-04-08 08:00,28.939410004882337
2025-04-08 09:00,23.581768243186257
2025-04-08 10:00,18.918784119538923
2025-04-08 11:00,13.717124914539244
2025-04-08 12:00,10.572886437329753
2025-04-08 13:00,8.809892049259194
2025-04-08 14:00,8.294721368719474
2025-04-08 15:00,7.73646532187241
2025-04-08 16:00,7.337488108077747
2025-04-08 17:00,6.390959415851929
2025-04-08 18:00,5.063327731589601
2025-04-08 19:00,3.446117622350782
2025-04-08 20:00,2.5977459119230306
2025-04-08 21:00,1.7571457224623703
2025-04-08 22:00,1.3811086641239787
2025-04-08 23:00,1.0887913365064859
2025-04-09 00:00,1.0264760409983515
2025-04-09 01:00,0.7839863192674738
2025-04-09 02:00,0.632009927213025
2025-04-09 03:00,0.2972928136038724
2025-04-09 04:00,0.13061832361575915
2025-04-09 05:00,0.12040602080996991
2025-04-09 06:00,0.13826196339228874
2025-04-09 07:00,0.2752675535999895
2025-04-09 08:00,0.4349762194644941
2025-04-09 09:00,0.5342507226411873
2025-04-09 10:00,0.9943742983647954
2025-04-09 11:00,1.549076682789591
2025-04-09 12:00,2.6058591762337135
2025-04-09 13:00,3.8999595644153877
2025-04-09 14:00,4.931345665392037
2025-04-09 15:00,6.49174372135667
2025-04-09 16:00,7.513914342036019
2025-04-09 17:00,7.608038549300026
2025-04-09 18:00,8.06768105879361
2025-04-09 19:00,8.119716468011934
2025-04-09 20:00,6.996218000308619
2025-04-09 21:00,6.342543393332891
2025-04-09 22:00,5.167787005009366
2025-04-09 23:00,3.34896960357677
2025-04-10 00:00,2.3078499557259273
2025-04-10 01:00,1.469695765111169
2025-04-10 02:00,0.6119811931841143
2025-04-10 03:00,0.5843525683772711
2025-04-10 04:00,0.494621086700024
2025-04-10 05:00,0.4186847020363674
2025-04-10 06:00,0.3955436225333821
2025-04-10 07:00,0.33890725996940907
2025-04-10 08:00,0.28681899678686473
2025-04-10 09:00,0.34365494745894337
2025-04-10 10:00,0.5136012463858395
2025-04-10 11:00,0.5935322464175863
2025-04-10 12:00,1.8126046289063296
2025-04-10 13:00,3.0640946171493004
2025-04-10 14:00,4.252855760359346
2025-04-10 15:00,5.2413780500311375
2025-04-10 16:00,5.75166780970808
2025-04-10 17:00,4.893867699819966
2025-04-10 18:00,3.923014602021312
2025-04-10 19:00,2.930377267621785
2025-04-10 20:00,1.8598021972302892
2025-04-10 21:00,1.5178691233681192
2025-04-10 22:00,1.7884551305908338
2025-04-10 23:00,2.131401614748966
2025-04-11 00:00,2.5301866193136338
2025-04-11 01:00,2.6821060205088076
2025-04-11 02:00,2.609427364453831
2025-04-11 03:00,1.990182652672016
2025-04-11 04:00,1.335652469161983
2025-04-11 05:00,0.6822138885092535
2025-04-11 06:00,0.37192467431121046
2025-04-11 07:00,0.12541184696884242
2025-04-11 08:00,0.06578770484979947
2025-04-11 09:00,0.04305015143087866
2025-04-11 10:00,0.06744611910723464
2025-04-11 11:00,0.35546465645593744
2025-04-11 12:00,0.8587138792696308
2025-04-11 13:00,1.397128414828975
2025-04-11 14:00,1.8760657364318476
2025-04-11 15:00,2.315904927211501
2025-04-11 16:00,2.4155579000477525
2025-04-11 17:00,2.194913031822561
2025-04-11 18:00,2.1347040803042336
2025-04-11 19:00,2.5792670935327835
2025-04-11 20:00,3.45478339266612
2025-04-11 21:00,4.647255396422315
2025-04-11 22:00,6.360367445453067
2025-04-11 23:00,8.104486928036067
2025-04-12 00:00,11.623152131948183
2025-04-12 01:00,15.958393367321435
2025-04-12 02:00,20.903253574500617
2025-04-12 03:00,26.69466718589956
2025-04-12 04:00,33.06834547483409
2025-04-12 05:00,38.705312916874036
2025-04-12 06:00,43.20244497237833
2025-04-12 07:00,47.425008247610535
2025-04-12 08:00,50.0370000473521
2025-04-12 09:00,52.33474859425811
2025-04-12 10:00,52.94029130415858
2025-04-12 11:00,53.16953293451754
2025-04-12 12:00,53.439123305789074
2025-04-12 13:00,54.19852380569415
2025-04-12 14:00,54.07578111844258
2025-04-12 15:00,54.32672853714431
2025-04-12 16:00,54.67738119774407
2025-04-12 17:00,54.9709262802585
2025-04-12 18:00,54.31726670557828
2025-04-12 19:00,53.89053837155641
2025-04-12 20:00,52.93857359865431
2025-04-12 21:00,51.24295616192158
2025-04-12 22:00,48.446091092349356
2025-04-12 23:00,41.57660291592812
2025-04-13 00:00,34.44628235726014
2025-04-13 01:00,29.438433983531933
2025-04-13 02:00,26.825835493567446
2025-04-13 03:00,27.379530479778047
2025-04-13 04:00,33.883745165596494
2025-04-13 05:00,40.94408057769368
2025-04-13 06:00,47.16650671365083
2025-04-13 07:00,51.80735142402027
2025-04-13 08:00,53.35398565087363
2025-04-13 09:00,54.16814625192944
2025-04-13 10:00,54.841413739504404
2025-04-13 11:00,54.613663759599504
2025-04-13 12:00,53.85406716830586
2025-04-13 13:00,53.554378925919856
2025-04-13 14:00,52.68407861725912
2025-04-13 15:00,51.33568438732992
2025-04-13 16:00,50.003146748469206
2025-04-13 17:00,49.32486411671631
2025-04-13 18:00,47.854566743957086
2025-04-13 19:00,46.1834840208614
2025-04-13 20:00,45.16638973980419
2025-04-13 21:00,44.438276250264046
2025-04-13 22:00,43.95483325590253
2025-04-13 23:00,44.65728706936479
2025-04-14 00:00,45.72866513895767
2025-04-14 01:00,45.629633762093086
2025-04-14 02:00,45.047215761369614
2025-04-14 03:00,44.87704492234808
2025-04-14 04:00,44.36355441713498
2025-04-14 05:00,41.641219729415965
2025-04-14 06:00,40.46147807071882
2025-04-14 07:00,36.34817921768572
2025-04-14 08:00,31.12249025816417
2025-04-14 09:00,27.01484685662603
2025-04-14 10:00,27.286155667471558
2025-04-14 11:00,28.13304955643696
2025-04-14 12:00,33.27259507040374
2025-04-14 13:00,38.906248583832785
2025-04-14 14:00,44.18138666734275
2025-04-14 15:00,47.65535232696154
2025-04-14 16:00,50.23149503302982
2025-04-14 17:00,51.47793031242336
2025-04-14 18:00,52.35823188831078
2025-04-14 19:00,52.50613667270699
2025-04-14 20:00,52.34393662554091
2025-04-14 21:00,51.622880698514436
2025-04-14 22:00,50.788413389835995
2025-04-14 23:00,50.12233627955108
2025-04-15 00:00,48.914720247613886
2025-04-15 01:00,47.56250265842124
2025-04-15 02:00,45.582230930237216
2025-04-15 03:00,42.36305562557464
2025-04-15 04:00,39.098481909515954
2025-04-15 05:00,38.19766057918622
2025-04-15 06:00,37.734801294576755
2025-04-15 07:00,35.84909183767736
2025-04-15 08:00,34.130272287304116
2025-04-15 09:00,32.45311380718834
2025-04-15 10:00,29.013809739276034
2025-04-15 11:00,24.84799700996053
2025-04-15 12:00,22.895414504715035
2025-04-15 13:00,21.756302672276227
2025-04-15 14:00,20.57477098606524
2025-04-15 15:00,18.75592826720283
2025-04-15 16:00,16.423937710690463
2025-04-15 17:00,13.262138385568932
2025-04-15 18:00,9.786286606638475
2025-04-15 19:00,6.592664899112878
2025-04-15 20:00,3.834811977487059
2025-04-15 21:00,2.937144502451713
2025-04-15 22:00,2.9464780768096093
2025-04-15 23:00,3.515356495920365
2025-04-16 00:00,4.363361495213926
2025-04-16 01:00,6.197059071806608
2025-04-16 02:00,7.071370649703221
2025-04-16 03:00,9.340236220066396
2025-04-16 04:00,13.417292304860322
2025-04-16 05:00,17.591396198450074
2025-04-16 06:00,22.568825378101216
2025-04-16 07:00,28.753847800580388
2025-04-16 08:00,33.55115766406418
2025-04-16 09:00,37.7704354194599
2025-04-16 10:00,41.74139182311676
2025-04-16 11:00,44.77483637783189
2025-04-16 12:00,47.17736711802066
2025-04-16 13:00,49.63471787494622
2025-04-16 14:00,51.4665934598688
2025-04-16 15:00,53.008769574485186
2025-04-16 16:00,53.512149348112885
2025-04-16 17:00,53.638909792310315
2025-04-16 18:00,53.87225575517569
2025-04-16 19:00,53.48570225488694
2025-04-16 20:00,53.26921987611519
2025-04-16 21:00,53.37411919715945
2025-04-16 22:00,53.027300506739195
2025-04-16 23:00,52.47335112618671
2025-04-17 00:00,52.25822117142003
2025-04-17 01:00,52.10369087492808
2025-04-17 02:00,52.047388060470006
2025-04-17 03:00,52.1974533093833
2025-04-17 04:00,52.298356636327526
2025-04-17 05:00,52.329952360208075
2025-04-17 06:00,52.12779929151024
2025-04-17 07:00,51.76304419110257
2025-04-17 08:00,51.49708161360896
2025-04-17 09:00,51.376166240788734
2025-04-17 10:00,51.383576651704175
2025-04-17 11:00,51.37391127000903
2025-04-17 12:00,51.50212294051755
2025-04-17 13:00,51.49336247492663
2025-04-17 14:00,50.99934007562189
2025-04-17 15:00,50.152483737364584
2025-04-17 16:00,49.126672476507366
2025-04-17 17:00,48.0479802641792
2025-04-17 18:00,47.37566437492961
2025-04-17 19:00,47.11180899819999
2025-04-17 20:00,46.683659795755624
2025-04-17 21:00,45.97808603306082
2025-04-17 22:00,46.07659908700369
2025-04-17 23:00,46.06521693084552
2025-04-18 00:00,46.302992639171734
2025-04-18 01:00,46.94156226937877
2025-04-18 02:00,48.135090348413144
2025-04-18 03:00,48.37174311269639
2025-04-18 04:00,48.6431305204465
2025-04-18 05:00,48.48677105947691
2025-04-18 06:00,48.49239516753185
2025-04-18 07:00,47.917463255798275
2025-04-18 08:00,45.358738612530644
2025-04-18 09:00,40.95362086938227
2025-04-18 10:00,35.72585900283853
2025-04-18 11:00,30.109082344905243
2025-04-18 12:00,25.17134431459005
2025-04-18 13:00,23.635136833010474
2025-04-18 14:00,22.207026564020804
2025-04-18 15:00,22.392402821898607
2025-04-18 16:00,22.125309589850204
2025-04-18 17:00,21.075516555246104
2025-04-18 18:00,19.61864874491517
2025-04-18 19:00,19.943646707358468
2025-04-18 20:00,20.869009438213695
2025-04-18 21:00,22.31642849429581
2025-04-18 22:00,24.9777992115015
2025-04-18 23:00,26.598338085294678
2025-04-19 00:00,29.445331685610018
2025-04-19 01:00,31.779082202127505
2025-04-19 02:00,34.276607536875986
2025-04-19 03:00,36.90715876713163
2025-04-19 04:00,39.82294288034259
2025-04-19 05:00,41.39274785604216
2025-04-19 06:00,42.91338840821487
2025-04-19 07:00,45.19667258305676
2025-04-19 08:00,47.174697346030804
2025-04-19 09:00,48.7656100995166
2025-04-19 10:00,50.698679065952064
2025-04-19 11:00,52.082306625610066
2025-04-19 12:00,52.437451802322585
2025-04-19 13:00,51.990893875584696
2025-04-19 14:00,51.640823491538754
2025-04-19 15:00,50.03207859364674
2025-04-19 16:00,47.03191994221051
2025-04-19 17:00,42.199194154128854
2025-04-19 18:00,34.733282851735126
2025-04-19 19:00,25.94574040308921
2025-04-19 20:00,17.608865393029454
2025-04-19 21:00,10.27362652030853
2025-04-19 22:00,5.098116592177852
2025-04-19 23:00,3.0419171269221743
2025-04-20 00:00,2.6901290042707746
2025-04-20 01:00,2.6789194031211947
2025-04-20 02:00,4.3479456340246445
2025-04-20 03:00,5.939755296900696
2025-04-20 04:00,7.785722347110041
2025-04-20 05:00,9.38509785698023
2025-04-20 06:00,11.123701621427406
2025-04-20 07:00,12.06097277821748
2025-04-20 08:00,13.282500438950208
2025-04-20 09:00,13.472206675115647
2025-04-20 10:00,13.15405673601353
2025-04-20 11:00,12.713171027878667
2025-04-20 12:00,11.988545234850994
2025-04-20 13:00,11.217095863491105
2025-04-20 14:00,11.089693350192569
2025-04-20 15:00,10.952948445795018
2025-04-20 16:00,10.802407791751218
2025-04-20 17:00,10.14587818553699
2025-04-20 18:00,9.095924595229734
2025-04-20 19:00,7.255384644557668
2025-04-20 20:00,5.694601318645549
2025-04-20 21:00,4.228621271478333
2025-04-20 22:00,2.673614288382255
2025-04-20 23:00,1.2893267347316513
2025-04-21 00:00,0.8192879710609429
2025-04-21 01:00,0.5673492046578246
2025-04-21 02:00,0.3383571079988431
2025-04-21 03:00,0.5202848522677935
2025-04-21 04:00,0.9242959722215648
2025-04-21 05:00,1.0729497652300222
2025-04-21 06:00,1.1486248140117614
2025-04-21 07:00,1.459565924957267
2025-04-21 08:00,2.055333213915438
2025-04-21 09:00,2.7089481272288554
2025-04-21 10:00,3.7150655794460277
2025-04-21 11:00,4.9890033651335255
2025-04-21 12:00,5.839845564688259
2025-04-21 13:00,6.301009093928676
2025-04-21 14:00,6.5513673013541975
2025-04-21 15:00,6.830975451869722
2025-04-21 16:00,6.479231450960524
2025-04-21 17:00,6.741360198918646
2025-04-21 18:00,6.927907496742627
2025-04-21 19:00,6.700714315988104
2025-04-21 20:00,6.6234410922144775
2025-04-21 21:00,7.050463814524997
2025-04-21 22:00,6.3872569427835035
2025-04-21 23:00,6.537518754438755
2025-04-22 00:00,7.345429958325029
2025-04-22 01:00,8.600004023764013
2025-04-22 02:00,10.704034778852598
2025-04-22 03:00,15.76375878005056
2025-04-22 04:00,20.213039109361326
2025-04-22 05:00,25.728516667152775
2025-04-22 06:00,31.547694615942625
2025-04-22 07:00,36.777544040597164
2025-04-22 08:00,40.59741513249181
2025-04-22 09:00,44.68172155211732
2025-04-22 10:00,46.97880969218072
2025-04-22 11:00,48.13911622603971
2025-04-22 12:00,48.783570470095846
2025-04-22 13:00,47.9930611502915
2025-04-22 14:00,45.55319236245904
2025-04-22 15:00,43.06071111904056
2025-04-22 16:00,39.488613792511934
2025-04-22 17:00,32.81185921252653
2025-04-22 18:00,25.0451333937824
2025-04-22 19:00,18.42793759989271
2025-04-22 20:00,12.140371077717791
2025-04-22 21:00,7.792096068829198
2025-04-22 22:00,7.3635900377299865
2025-04-22 23:00,8.870840182370834
2025-04-23 00:00,10.472962504336346
2025-04-23 01:00,12.624183381845047
2025-04-23 02:00,13.908204685489759
2025-04-23 03:00,14.039403979100792
2025-04-23 04:00,13.543759405142357
2025-04-23 05:00,12.330699555073888
2025-04-23 06:00,10.21052764575686
2025-04-23 07:00,8.216978146863571
2025-04-23 08:00,6.276903572058421
2025-04-23 09:00,4.372766395330016
2025-04-23 10:00,3.439063781929223
2025-04-23 11:00,2.933334529676115
2025-04-23 12:00,2.855246233532438
2025-04-23 13:00,3.3367560844755197
2025-04-23 14:00,4.072084411252253
2025-04-23 15:00,4.2981310553776915
2025-04-23 16:00,4.281369337512321
2025-04-23 17:00,3.5224845203660777
2025-04-23 18:00,2.601189886722586
2025-04-23 19:00,1.5751267968155065
2025-04-23 20:00,1.0226199342167257
2025-04-23 21:00,0.9050729971406799
2025-04-23 22:00,1.1856955617009384
2025-04-23 23:00,1.4409684183823814
2025-04-24 00:00,1.8218301475840626
2025-04-24 01:00,2.1580138958488
2025-04-24 02:00,2.2745870935576504
2025-04-24 03:00,2.1614560625174186
2025-04-24 04:00,2.2263200363251188
2025-04-24 05:00,1.9778260910172114
2025-04-24 06:00,1.8478123006906337
2025-04-24 07:00,2.275273807561863
2025-04-24 08:00,3.1014528853542638
2025-04-24 09:00,4.150330039427504
2025-04-24 10:00,5.229863975960078
2025-04-24 11:00,5.921749132511579
2025-04-24 12:00,6.177629391099119
2025-04-24 13:00,6.701571357705589
2025-04-24 14:00,7.93495629008743
2025-04-24 15:00,12.471548400173038
2025-04-24 16:00,19.782229005876296
2025-04-24 17:00,27.405991546747572
2025-04-24 18:00,34.891966401180234
2025-04-24 19:00,40.78821230629252
2025-04-24 20:00,42.59646726484432
2025-04-24 21:00,42.12348232401212
2025-04-24 22:00,41.09592754692403
2025-04-24 23:00,39.68755993212358
2025-04-25 00:00,38.09251762423694
2025-04-25 01:00,36.98633332325876
2025-04-25 02:00,35.133560013223324
2025-04-25 03:00,31.94883940092368
2025-04-25 04:00,27.076037967008226
2025-04-25 05:00,22.161400823381125
2025-04-25 06:00,17.260198672490557
2025-04-25 07:00,12.200432122678219
2025-04-25 08:00,8.323172979033844
2025-04-25 09:00,6.323818564904104
2025-04-25 10:00,5.522742487773117
2025-04-25 11:00,5.578704558343747
2025-04-25 12:00,6.590650496792297
2025-04-25 13:00,8.292081780081878
2025-04-25 14:00,9.793813538749411
2025-04-25 15:00,10.447880004100423
2025-04-25 16:00,10.244582720105408
2025-04-25 17:00,9.153714620912627
2025-04-25 18:00,7.253719639980433
2025-04-25 19:00,5.074016665009847
2025-04-25 20:00,3.3123869872399796
2025-04-25 21:00,2.068058228554293
2025-04-25 22:00,1.3761135396050246
2025-04-25 23:00,1.246121123016331
2025-04-26 00:00,1.2127705241067304
2025-04-26 01:00,1.1788537845863836
2025-04-26 02:00,1.3351118735976164
2025-04-26 03:00,1.3620487492125535
2025-04-26 04:00,1.4459443377914647
2025-04-26 05:00,1.7100588277310997
2025-04-26 06:00,2.098032312657719
2025-04-26 07:00,2.583959503252779
2025-04-26 08:00,3.610549159823742
2025-04-26 09:00,4.5610846813257675
2025-04-26 10:00,6.203599515245073
2025-04-26 11:00,9.088918525601702
2025-04-26 12:00,12.25443608678147
2025-04-26 13:00,15.284902091539738
2025-04-26 14:00,16.61230699610597
2025-04-26 15:00,17.185630602274532
2025-04-26 16:00,16.7936836111388
2025-04-26 17:00,16.20545145273147
2025-04-26 18:00,15.225779745602557
2025-04-26 19:00,16.214265969097028
2025-04-26 20:00,17.836473436142185
2025-04-26 21:00,18.27507901928738
2025-04-26 22:00,17.078385212834185
2025-04-26 23:00,15.702705378423621
2025-04-27 00:00,15.230252636264606
2025-04-27 01:00,14.832190231677345
2025-04-27 02:00,15.762694063962963
2025-04-27 03:00,17.768531195834804
2025-04-27 04:00,19.193824202711095
2025-04-27 05:00,18.91680120927753
2025-04-27 06:00,17.78264344807129
2025-04-27 07:00,15.146898277960124
2025-04-27 08:00,12.138877037498435
2025-04-27 09:00,10.543010917543757
2025-04-27 10:00,9.1182942505118
2025-04-27 11:00,7.762755906244186
2025-04-27 12:00,6.779256051721804
2025-04-27 13:00,6.125308132264686
2025-04-27 14:00,4.9610991529112844
2025-04-27 15:00,4.372305014790863
2025-04-27 16:00,4.183994945822188
2025-04-27 17:00,4.549696704264885
2025-04-27 18:00,4.67824326458192
2025-04-27 19:00,4.4704326893471675
2025-04-27 20:00,4.053278793997893
2025-04-27 21:00,3.6067673348637967
2025-04-27 22:00,2.754410265969053
2025-04-27 23:00,2.3771579830417435
2025-04-28 00:00,2.1206751178460532
2025-04-28 01:00,1.6427304382097518
2025-04-28 02:00,0.9216069975516561
2025-04-28 03:00,0.6156839413708154
2025-04-28 04:00,0.30637175365660363
2025-04-28 05:00,0.24783705605381057
2025-04-28 06:00,0.5408504324379874
2025-04-28 07:00,1.3976941985102904
2025-04-28 08:00,2.55963441178969
2025-04-28 09:00,4.226908540520969
2025-04-28 10:00,6.108416710819076
2025-04-28 11:00,8.489778635041088
2025-04-28 12:00,11.348096510237879
2025-04-28 13:00,16.695710928899423
2025-04-28 14:00,23.778540339868737
2025-04-28 15:00,30.947177516214204
2025-04-28 16:00,37.5013302721854
2025-04-28 17:00,42.10181016391594
2025-04-28 18:00,41.84435081747779
2025-04-28 19:00,37.75520712190017
2025-04-28 20:00,31.730621680195704
2025-04-28 21:00,24.728005398252023
2025-04-28 22:00,18.098812910413393
2025-04-28 23:00,13.135699271830541
2025-04-29 00:00,9.121248959705198
2025-04-29 01:00,6.922363399357506
2025-04-29 02:00,5.3483959344533645
2025-04-29 03:00,4.004224922887401
2025-04-29 04:00,2.7560463382222204
2025-04-29 05:00,2.0562134670134826
2025-04-29 06:00,1.1227454803386356
2025-04-29 07:00,0.4359548727032615
2025-04-29 08:00,0.05447990405272496
2025-04-29 09:00,0.009900549655101
2025-04-29 10:00,0.09075797550917378
2025-04-29 11:00,0.2894430820422739
2025-04-29 12:00,0.6523403220535704
2025-04-29 13:00,1.0875431579817352
2025-04-29 14:00,1.673658498317441
2025-04-29 15:00,3.1326285360135446
2025-04-29 16:00,4.132772726419638
2025-04-29 17:00,6.038500790789404
2025-04-29 18:00,9.449069486560536
2025-04-29 19:00,13.767002528843634
2025-04-29 20:00,17.579174111459157
2025-04-29 21:00,21.214892040393202
2025-04-29 22:00,24.01929023002205
2025-04-29 23:00,24.82533841708196
2025-04-30 00:00,25.647376364837992
2025-04-30 01:00,25.541585518658145
2025-04-30 02:00,25.769154334393676
2025-04-30 03:00,24.91751302259049
2025-04-30 04:00,25.011653613651156
2025-04-30 05:00,25.04934851879219
2025-04-30 06:00,29.06948305143477
2025-04-30 07:00,33.77753904328063
2025-04-30 08:00,39.069995674448776
2025-04-30 09:00,44.03575829481496
2025-04-30 10:00,48.23070278035872
2025-04-30 11:00,48.805220108652264
2025-04-30 12:00,48.986976619733355
2025-04-30 13:00,48.83278701228279
2025-04-30 14:00,48.28172052355196
2025-04-30 15:00,46.79854427772568
2025-04-30 16:00,44.89498802962145
2025-04-30 17:00,43.703726022935676
2025-04-30 18:00,43.41858852232157
2025-04-30 19:00,42.77582565745325
2025-04-30 20:00,43.239147841567664
2025-04-30 21:00,44.67981614700166
2025-04-30 22:00,45.21034625284653
2025-04-30 23:00,45.93586944053915
2025-05-01 00:00,47.1157859260593
2025-05-01 01:00,48.17587464035424
2025-05-01 02:00,48.95513224497984
2025-05-01 03:00,50.37908708162994
2025-05-01 04:00,51.28179291292722
2025-05-01 05:00,52.57679091424649
2025-05-01 06:00,53.51999648021732
2025-05-01 07:00,54.21250479539219
2025-05-01 08:00,54.501009076519324
2025-05-01 09:00,54.67599276029175
2025-05-01 10:00,53.699451054950394
2025-05-01 11:00,50.1064871418436
2025-05-01 12:00,45.7972735244375
2025-05-01 13:00,40.22177908749335
2025-05-01 14:00,32.62782299206823
2025-05-01 15:00,25.800069188336558
2025-05-01 16:00,21.90593252510309
2025-05-01 17:00,19.588563460073154
2025-05-01 18:00,17.629195343106726
2025-05-01 19:00,16.113648540213365
2025-05-01 20:00,14.653080630969015
2025-05-01 21:00,14.884624828299806
2025-05-01 22:00,17.84065816728468
2025-05-01 23:00,22.297540952742498
2025-05-02 00:00,28.873102565911203
2025-05-02 01:00,36.78531822730018
2025-05-02 02:00,43.131099577307545
2025-05-02 03:00,44.61317311092454
2025-05-02 04:00,45.51292826204784
2025-05-02 05:00,46.6528249277673
2025-05-02 06:00,46.49502879866266
2025-05-02 07:00,45.84090003360587
2025-05-02 08:00,43.38759880311234
2025-05-02 09:00,38.73193474574291
2025-05-02 10:00,32.33264013672186
2025-05-02 11:00,25.366851937788066
2025-05-02 12:00,18.318115506813534
2025-05-02 13:00,13.789471511016618
2025-05-02 14:00,10.6488612903354
2025-05-02 15:00,8.260571532566557
2025-05-02 16:00,6.1799921396980615
2025-05-02 17:00,4.014186070696824
2025-05-02 18:00,2.4152769453748872
2025-05-02 19:00,1.3856715294122204
2025-05-02 20:00,0.7216141732145454
2025-05-02 21:00,0.2873131398783949
2025-05-02 22:00,0.23753422135958918
2025-05-02 23:00,0.49098783623480546
2025-05-03 00:00,1.7120616603625884
2025-05-03 01:00,4.503577394605419
2025-05-03 02:00,5.824281232220207
2025-05-03 03:00,7.863588983476393
2025-05-03 04:00,10.50683161575535
2025-05-03 05:00,13.177652171994046
2025-05-03 06:00,13.819350152149005
2025-05-03 07:00,16.053142301664582
2025-05-03 08:00,16.21754869160545
2025-05-03 09:00,16.611777072254633
2025-05-03 10:00,15.914441416815686
2025-05-03 11:00,16.55059176810628
2025-05-03 12:00,17.87384094899918
2025-05-03 13:00,24.17163655770883
2025-05-03 14:00,30.714540891836002
2025-05-03 15:00,37.42583176839564
2025-05-03 16:00,42.56762104399016
2025-05-03 17:00,46.076535498469475
2025-05-03 18:00,44.40937676485917
2025-05-03 19:00,40.444674544306494
2025-05-03 20:00,33.187939800093986
2025-05-03 21:00,25.177269816965428
2025-05-03 22:00,17.80442296129231
2025-05-03 23:00,12.390325584768863
2025-05-04 00:00,8.312261244081276
2025-05-04 01:00,8.123216115577433
2025-05-04 02:00,9.120799921462591
2025-05-04 03:00,10.128047139867117
2025-05-04 04:00,10.185955268567001
2025-05-04 05:00,9.315242993314476
2025-05-04 06:00,7.4570491210310905
2025-05-04 07:00,5.463104990886148
2025-05-04 08:00,3.7035672459471862
2025-05-04 09:00,2.6762424852065085
2025-05-04 10:00,2.8387977779159965
2025-05-04 11:00,3.757754405032938
2025-05-04 12:00,5.192673350643877
2025-05-04 13:00,6.565034546850517
2025-05-04 14:00,7.565305580167835
2025-05-04 15:00,8.134269707798795
2025-05-04 16:00,7.700487170504225
2025-05-04 17:00,6.890869924597453
2025-05-04 18:00,5.753826909417674
2025-05-04 19:00,4.555530480906585
2025-05-04 20:00,3.0141937343124843
2025-05-04 21:00,2.0597408998531495
2025-05-04 22:00,1.207935000250583
2025-05-04 23:00,0.7267931673179271
2025-05-05 00:00,0.4217861659772953
2025-05-05 01:00,0.4931405283576676
2025-05-05 02:00,0.4724173622828928
2025-05-05 03:00,0.5952591174814827
2025-05-05 04:00,0.6530040362282415
2025-05-05 05:00,0.6316448779039134
2025-05-05 06:00,0.4213740498628134
2025-05-05 07:00,0.44379979122002117
2025-05-05 08:00,0.3545921672056819
2025-05-05 09:00,0.34641138162961144
2025-05-05 10:00,0.6620328783087972
2025-05-05 11:00,0.7807619425934439
2025-05-05 12:00,0.9441945178645714
2025-05-05 13:00,1.5409758147363448
2025-05-05 14:00,2.6084873159349393
2025-05-05 15:00,3.4739261272767843
2025-05-05 16:00,5.336129864351823
2025-05-05 17:00,6.0999719452687415
2025-05-05 18:00,6.588198371112486
2025-05-05 19:00,6.981629139518415
2025-05-05 20:00,8.014473700403663
2025-05-05 21:00,8.322080121699916
2025-05-05 22:00,8.358627434686193
2025-05-05 23:00,8.322600443208675
2025-05-06 00:00,8.029451520679418
2025-05-06 01:00,6.588755121963838
2025-05-06 02:00,5.322777216911312
2025-05-06 03:00,4.974528263253883
2025-05-06 04:00,4.49626289326228
2025-05-06 05:00,3.719716503440079
2025-05-06 06:00,3.2571372942496373
2025-05-06 07:00,2.4269998637718357
2025-05-06 08:00,1.913308597259632
2025-05-06 09:00,1.6157100497416128
2025-05-06 10:00,1.4175597849227222
2025-05-06 11:00,2.120568214356679
2025-05-06 12:00,3.168797403308079
2025-05-06 13:00,4.691491708897679
2025-05-06 14:00,6.147025652267745
2025-05-06 15:00,8.704953843945315
2025-05-06 16:00,9.637008894671812
2025-05-06 17:00,9.87378479579898
2025-05-06 18:00,10.592488385574846
2025-05-06 19:00,9.778687271223797
2025-05-06 20:00,7.894662182301259
2025-05-06 21:00,7.057463712622301
2025-05-06 22:00,5.982125150343633
2025-05-06 23:00,3.711842241371817
2025-05-07 00:00,3.186595854286879
2025-05-07 01:00,2.5723002084137314
2025-05-07 02:00,1.514998234620307
2025-05-07 03:00,1.098314297424509
2025-05-07 04:00,0.9471588820321031
2025-05-07 05:00,0.5141734975325117
2025-05-07 06:00,0.19296596062324856
2025-05-07 07:00,0.10273529361088563
2025-05-07 08:00,0.06840923765826164
2025-05-07 09:00,0.07410695644337344
2025-05-07 10:00,0.437299189472739
2025-05-07 11:00,1.0885232190597887
2025-05-07 12:00,2.1183492266171395
2025-05-07 13:00,3.357517992277205
2025-05-07 14:00,4.206970228914011
2025-05-07 15:00,4.6950775826822895
2025-05-07 16:00,4.536346053655274
2025-05-07 17:00,3.988173152565094
2025-05-07 18:00,2.9162354074041037
2025-05-07 19:00,2.337297515615749
2025-05-07 20:00,1.6636245302550148
2025-05-07 21:00,1.2568562493674997
2025-05-07 22:00,0.8196122885690945
2025-05-07 23:00,0.6726717110869972
2025-05-08 00:00,0.5070492332939706
2025-05-08 01:00,0.6141257126148656
2025-05-08 02:00,0.9436506195954575
2025-05-08 03:00,1.14078786230225
2025-05-08 04:00,1.3587977874879016
2025-05-08 05:00,1.3391812834926875
2025-05-08 06:00,1.1703493156134552
2025-05-08 07:00,0.7704549103196052
2025-05-08 08:00,0.6146253654037069
2025-05-08 09:00,0.7399711017916699
2025-05-08 10:00,1.3008607393177036
2025-05-08 11:00,2.0993460284683096
2025-05-08 12:00,3.1724870172822524
2025-05-08 13:00,4.5767287673622645
2025-05-08 14:00,5.428573453767343
2025-05-08 15:00,6.056140558412814
2025-05-08 16:00,6.330742593290282
2025-05-08 17:00,6.058061733627325
2025-05-08 18:00,5.3572341947346604
2025-05-08 19:00,5.244501439451498
2025-05-08 20:00,4.758605577967203
2025-05-08 21:00,4.969406185203958
2025-05-08 22:00,5.561638468011685
2025-05-08 23:00,6.279493368546374
2025-05-09 00:00,7.201865781585025
2025-05-09 01:00,8.31611480997016
2025-05-09 02:00,10.191383139977644
2025-05-09 03:00,13.462050939609332
2025-05-09 04:00,17.2266982554423
2025-05-09 05:00,23.524368366054812
2025-05-09 06:00,29.737883341402096
2025-05-09 07:00,35.18788088130881
2025-05-09 08:00,40.85321235534358
2025-05-09 09:00,46.01750142672584
2025-05-09 10:00,48.124328949981894
2025-05-09 11:00,50.433663874699036
2025-05-09 12:00,52.32938793341496
2025-05-09 13:00,52.433769025406114
2025-05-09 14:00,52.050448206574835
2025-05-09 15:00,51.20346073342671
2025-05-09 16:00,50.344100515064326
2025-05-09 17:00,49.40235028830356
2025-05-09 18:00,49.388655931432666
2025-05-09 19:00,50.47624388348836
2025-05-09 20:00,51.96641430773985
2025-05-09 21:00,53.24272537711293
2025-05-09 22:00,54.73804937921358
2025-05-09 23:00,55.70797164758252
2025-05-10 00:00,55.890208516386636
2025-05-10 01:00,56.036675644996194
2025-05-10 02:00,55.50312478740316
2025-05-10 03:00,54.299191085281095
2025-05-10 04:00,52.66915252115532
2025-05-10 05:00,51.95213181879651
2025-05-10 06:00,51.2652365219496
2025-05-10 07:00,51.60478332383796
2025-05-10 08:00,52.33976877858792
2025-05-10 09:00,53.334508305592045
2025-05-10 10:00,53.45133871489024
2025-05-10 11:00,53.74610669761366
2025-05-10 12:00,54.153139058034945
2025-05-10 13:00,54.221082061252446
2025-05-10 14:00,53.899309834692
2025-05-10 15:00,52.708257514336594
2025-05-10 16:00,50.5000396645561
2025-05-10 17:00,46.75928244929528
2025-05-10 18:00,41.67760625505049
2025-05-10 19:00,35.21387790923676
2025-05-10 20:00,28.911026216934903
2025-05-10 21:00,23.338682837755123
2025-05-10 22:00,18.933411514778822
2025-05-10 23:00,15.413618915788437
2025-05-11 00:00,12.950282454028846
2025-05-11 01:00,10.39631107730188
2025-05-11 02:00,8.120305299446816
2025-05-11 03:00,5.908069417431973
2025-05-11 04:00,4.387244330755381
2025-05-11 05:00,3.3604217725272845
2025-05-11 06:00,3.079425801281874
2025-05-11 07:00,2.9475429715918144
2025-05-11 08:00,2.8472323383706213
2025-05-11 09:00,3.4592878762490273
2025-05-11 10:00,4.307566429605748
2025-05-11 11:00,5.34899447695403
2025-05-11 12:00,6.394317162976918
2025-05-11 13:00,7.155124810925413
2025-05-11 14:00,7.089563967096295
2025-05-11 15:00,6.7777655123751215
2025-05-11 16:00,6.127395708105157
2025-05-11 17:00,5.414300312321943
2025-05-11 18:00,5.212105919019126
2025-05-11 19:00,5.025432864256959
2025-05-11 20:00,5.220238163259859
2025-05-11 21:00,5.380047857248167
2025-05-11 22:00,5.6726435731708005
2025-05-11 23:00,6.3242752504467585
2025-05-12 00:00,6.720587177100474
2025-05-12 01:00,6.703819576187111
2025-05-12 02:00,6.876432233105911
2025-05-12 03:00,7.167314507440476
2025-05-12 04:00,6.656147636958454
2025-05-12 05:00,6.682094346126883
2025-05-12 06:00,7.018412912854731
2025-05-12 07:00,7.242749196998997
2025-05-12 08:00,7.1908740022939215
2025-05-12 09:00,7.411628696398469
2025-05-12 10:00,7.734540469091965
2025-05-12 11:00,8.229761536127963
2025-05-12 12:00,9.273805590226589
2025-05-12 13:00,10.588014635431843
2025-05-12 14:00,12.21424769570728
2025-05-12 15:00,15.563034856881268
2025-05-12 16:00,19.479264916476644
2025-05-12 17:00,22.568310299559208
2025-05-12 18:00,25.477146003629304
2025-05-12 19:00,28.00942622414816
2025-05-12 20:00,29.444445819449736
2025-05-12 21:00,28.864079522025484
2025-05-12 22:00,27.13309236842058
2025-05-12 23:00,24.8932700919509
2025-05-13 00:00,22.781566703041488
2025-05-13 01:00,20.259072777689255
2025-05-13 02:00,20.240043070595252
2025-05-13 03:00,21.904370020732106
2025-05-13 04:00,23.20991888428086
2025-05-13 05:00,26.032441466987372
2025-05-13 06:00,29.48444824839574
2025-05-13 07:00,31.32551497709598
2025-05-13 08:00,33.60833434148469
2025-05-13 09:00,36.1551530195541
2025-05-13 10:00,36.25983795279659
2025-05-13 11:00,35.990285389652605
2025-05-13 12:00,35.04037526432107
2025-05-13 13:00,33.12692592056013
2025-05-13 14:00,30.195201683083326
2025-05-13 15:00,28.137259666797927
2025-05-13 16:00,25.555366526597922
2025-05-13 17:00,23.554036856888487
2025-05-13 18:00,22.52502423826082
2025-05-13 19:00,22.023443245237644
2025-05-13 20:00,20.12627451311875
2025-05-13 21:00,18.814213170976046
2025-05-13 22:00,17.894154306679912
2025-05-13 23:00,15.259837788935434
2025-05-14 00:00,12.86104788756387
2025-05-14 01:00,11.250529866085804
2025-05-14 02:00,8.500199586065635
2025-05-14 03:00,5.982073732681016
2025-05-14 04:00,4.882412783402542
2025-05-14 05:00,4.35413901110513
2025-05-14 06:00,4.901195260290034
2025-05-14 07:00,6.159128839347206
2025-05-14 08:00,7.318940285603797
2025-05-14 09:00,8.730627802545794
2025-05-14 10:00,10.283735314410768
2025-05-14 11:00,11.473330246121543
2025-05-14 12:00,13.302171221235985
2025-05-14 13:00,16.33809859688494
2025-05-14 14:00,19.44964803294644
2025-05-14 15:00,23.12381913709968
2025-05-14 16:00,27.828624228070442
2025-05-14 17:00,31.51074340922121
2025-05-14 18:00,34.17875942585175
2025-05-14 19:00,37.01937358182317
2025-05-14 20:00,39.05388209415383
2025-05-14 21:00,39.77027080466067
2025-05-14 22:00,41.31701933232144
2025-05-14 23:00,42.87710738747229
2025-05-15 00:00,43.54133918981129
2025-05-15 01:00,44.537497713779715
2025-05-15 02:00,44.46642067734716
2025-05-15 03:00,43.9644113515787
2025-05-15 04:00,42.10323731115655
2025-05-15 05:00,40.168285030253706
2025-05-15 06:00,38.35851111628339
2025-05-15 07:00,36.66933275046961
2025-05-15 08:00,34.604699237697965
2025-05-15 09:00,32.12971288899937
2025-05-15 10:00,28.80828044775505
2025-05-15 11:00,24.427429164850594
2025-05-15 12:00,20.800191071435016
2025-05-15 13:00,17.567799298852844
2025-05-15 14:00,15.956470342747755
2025-05-15 15:00,16.050216810669095
2025-05-15 16:00,17.324623909353708
2025-05-15 17:00,18.58345305869121
2025-05-15 18:00,19.74749594905669
2025-05-15 19:00,21.442032022293066
2025-05-15 20:00,22.610140081562275
2025-05-15 21:00,23.209010635728895
2025-05-15 22:00,23.351336473139543
2025-05-15 23:00,23.163145991855448
2025-05-16 00:00,22.405689875982294
2025-05-16 01:00,21.979722358449873
2025-05-16 02:00,20.879802804576855
2025-05-16 03:00,19.36144811865294
2025-05-16 04:00,18.66136560821831
2025-05-16 05:00,16.779035847052608
2025-05-16 06:00,14.338211810530401
2025-05-16 07:00,12.8092944764681
2025-05-16 08:00,12.777456952891928
2025-05-16 09:00,12.194634388528787
2025-05-16 10:00,12.857439848717146
2025-05-16 11:00,13.756673715002881
2025-05-16 12:00,16.328304184572232
2025-05-16 13:00,19.05680176238225
2025-05-16 14:00,22.289521934369635
2025-05-16 15:00,25.845468040159126
2025-05-16 16:00,30.160833868778422
2025-05-16 17:00,31.587674530335324
2025-05-16 18:00,32.479937817299
2025-05-16 19:00,32.55912068544215
2025-05-16 20:00,30.457511205035637
2025-05-16 21:00,26.758569559377356
2025-05-16 22:00,23.221153842982385
2025-05-16 23:00,18.924366561582694
2025-05-17 00:00,14.626443211878916
2025-05-17 01:00,11.991289504759399
2025-05-17 02:00,10.32053614746995
2025-05-17 03:00,9.998449030857838
2025-05-17 04:00,10.274355598969535
2025-05-17 05:00,10.46170970209271
2025-05-17 06:00,10.688861256660715
2025-05-17 07:00,10.275910577323923
2025-05-17 08:00,8.71495274950793
2025-05-17 09:00,7.0592523972611785
2025-05-17 10:00,5.274440916975853
2025-05-17 11:00,3.8545744393001455
2025-05-17 12:00,3.07628230689451
2025-05-17 13:00,3.5266266459746185
2025-05-17 14:00,6.15752688930854
2025-05-17 15:00,10.585934006449527
2025-05-17 16:00,14.481426358348699
2025-05-17 17:00,16.45288919848602
2025-05-17 18:00,16.81837846542124
2025-05-17 19:00,15.635490937135803
2025-05-17 20:00,12.37756486528712
2025-05-17 21:00,9.482181741835781
2025-05-17 22:00,9.098115830443671
2025-05-17 23:00,8.882436681125103
2025-05-18 00:00,8.25464325881218
2025-05-18 01:00,7.917357850975724
2025-05-18 02:00,7.9091901976019106
2025-05-18 03:00,7.16962864589083
2025-05-18 04:00,7.378683747630632
2025-05-18 05:00,7.2760760615670375
2025-05-18 06:00,7.263238865926587
2025-05-18 07:00,6.623466583781735
2025-05-18 08:00,5.605652476695008
2025-05-18 09:00,4.562474488524036
2025-05-18 10:00,4.303980618595747
2025-05-18 11:00,3.945036922534844
2025-05-18 12:00,3.5974590589193354
2025-05-18 13:00,3.6587594528465615
2025-05-18 14:00,3.7022676402645955
2025-05-18 15:00,3.175322083061075
2025-05-18 16:00,2.7959415670166265
2025-05-18 17:00,2.3088309793996116
2025-05-18 18:00,1.6719005829306721
2025-05-18 19:00,1.1073873577804991
2025-05-18 20:00,0.6693348970239617
2025-05-18 21:00,0.423403681837679
2025-05-18 22:00,0.2876041290116148
2025-05-18 23:00,0.22220697235271225
2025-05-19 00:00,0.20067795452441675
2025-05-19 01:00,1.0788664063812319
2025-05-19 02:00,2.7198046074672444
2025-05-19 03:00,5.3440419054631985
2025-05-19 04:00,9.019002974523548
2025-05-19 05:00,15.5735728842758
2025-05-19 06:00,23.91925963823383
2025-05-19 07:00,32.50020669704208
2025-05-19 08:00,40.284241167472345
2025-05-19 09:00,47.13450424633607
2025-05-19 10:00,51.2115290646009
2025-05-19 11:00,52.68238358245666
2025-05-19 12:00,52.90553255456537
2025-05-19 13:00,52.89725438099639
2025-05-19 14:00,52.3650302420975
2025-05-19 15:00,51.504847214187734
2025-05-19 16:00,50.36983256568396
2025-05-19 17:00,49.16754450897376
2025-05-19 18:00,48.29416530330213
2025-05-19 19:00,48.38650180793043
2025-05-19 20:00,48.81072180263568
2025-05-19 21:00,49.86455289090651
2025-05-19 22:00,50.43480483441256
2025-05-19 23:00,50.591779783821025
2025-05-20 00:00,49.90638174724759
2025-05-20 01:00,49.10685691162013
2025-05-20 02:00,47.86371939244519
2025-05-20 03:00,47.21648809822543
2025-05-20 04:00,46.050911415209725
2025-05-20 05:00,44.90108876287887
2025-05-20 06:00,43.06138713077117
2025-05-20 07:00,40.892771459548236
2025-05-20 08:00,38.62346802030949
2025-05-20 09:00,36.97592697699272
2025-05-20 10:00,34.873091000494654
2025-05-20 11:00,32.53060623268623
2025-05-20 12:00,31.695376398262443
2025-05-20 13:00,30.940797573984874
2025-05-20 14:00,30.30294663102551
2025-05-20 15:00,29.887088613265792
2025-05-20 16:00,29.620934276703462
2025-05-20 17:00,26.82125620128586
2025-05-20 18:00,25.286812768283404
2025-05-20 19:00,24.426862338906425
2025-05-20 20:00,24.475540331010603
2025-05-20 21:00,23.445598834514204
2025-05-20 22:00,23.102656353669467
2025-05-20 23:00,21.581854191587972
2025-05-21 00:00,19.403686446130525
2025-05-21 01:00,16.365736595048716
2025-05-21 02:00,15.241095121000887
2025-05-21 03:00,14.732143693974416
2025-05-21 04:00,14.879052419265642
2025-05-21 05:00,13.54735040557012
2025-05-21 06:00,11.695935499597766
2025-05-21 07:00,9.42083361169538
2025-05-21 08:00,7.223736776252915
2025-05-21 09:00,4.308016466296084
2025-05-21 10:00,2.6173282047490134
2025-05-21 11:00,1.7965321373085001
2025-05-21 12:00,1.2728324345647708
2025-05-21 13:00,0.7360823156280171
2025-05-21 14:00,0.4774905626487632
2025-05-21 15:00,0.5400233808770036
2025-05-21 16:00,0.7735667828407008
2025-05-21 17:00,1.3416711918095434
2025-05-21 18:00,2.6383706077852436
2025-05-21 19:00,4.53322652114558
2025-05-21 20:00,6.2076756970314735
2025-05-21 21:00,7.719518455204043
2025-05-21 22:00,9.12275811467853
2025-05-21 23:00,10.02771634483452
2025-05-22 00:00,10.38290188503062
2025-05-22 01:00,10.397044512485724
2025-05-22 02:00,9.753841983402044
2025-05-22 03:00,8.984511527839732
2025-05-22 04:00,8.006409379165829
2025-05-22 05:00,6.183079842257333
2025-05-22 06:00,4.930277699652456
2025-05-22 07:00,4.191562198658441
2025-05-22 08:00,3.2778860365366476
2025-05-22 09:00,2.3829704113804415
2025-05-22 10:00,2.2240746116057104
2025-05-22 11:00,2.105580962625526
2025-05-22 12:00,2.7608132863032977
2025-05-22 13:00,3.6579174975570816
2025-05-22 14:00,4.239488007043049
2025-05-22 15:00,4.737860122302179
2025-05-22 16:00,4.89682065946746
2025-05-22 17:00,4.375666362784938
2025-05-22 18:00,3.4111330031179294
2025-05-22 19:00,2.7839631930466266
2025-05-22 20:00,2.397277735308296
2025-05-22 21:00,2.429618731126822
2025-05-22 22:00,2.90464219089665
2025-05-22 23:00,3.8055486873970934
2025-05-23 00:00,4.405018214169824
2025-05-23 01:00,4.703263139863482
2025-05-23 02:00,4.771026252617401
2025-05-23 03:00,4.04181678113129
2025-05-23 04:00,2.947780489224856
2025-05-23 05:00,2.259624637171438
2025-05-23 06:00,1.6905461093061587
2025-05-23 07:00,0.9499072041879295
2025-05-23 08:00,0.7262310492642454
2025-05-23 09:00,0.7642778302559158
2025-05-23 10:00,0.8836373204096792
2025-05-23 11:00,1.0389424336587865
2025-05-23 12:00,1.2127442730724312
2025-05-23 13:00,1.4534990529063532
2025-05-23 14:00,1.560087239248923
2025-05-23 15:00,1.4806401722887448
2025-05-23 16:00,1.393812904459828
2025-05-23 17:00,1.7668949053105798
2025-05-23 18:00,2.0146842759054486
2025-05-23 19:00,2.0334022389387867
2025-05-23 20:00,1.9082998642779014
2025-05-23 21:00,1.7573488648200772
2025-05-23 22:00,1.3273655916526208
2025-05-23 23:00,1.0626243345276092
2025-05-24 00:00,1.3873371759829543
2025-05-24 01:00,3.063678141443538
2025-05-24 02:00,5.144551730562723
2025-05-24 03:00,6.930514748438062
2025-05-24 04:00,8.188775579484119
2025-05-24 05:00,8.808116898449008
2025-05-24 06:00,7.851889288979317
2025-05-24 07:00,6.586453429876218
2025-05-24 08:00,5.450548120261675
2025-05-24 09:00,4.754535188911713
2025-05-24 10:00,4.510396584820681
2025-05-24 11:00,4.868694978487933
2025-05-24 12:00,5.732622416545112
2025-05-24 13:00,6.822305485849266
2025-05-24 14:00,10.445940054750366
2025-05-24 15:00,15.720627336865325
2025-05-24 16:00,20.755001753118883
2025-05-24 17:00,24.076022850762172
2025-05-24 18:00,25.63767387083019
2025-05-24 19:00,23.91022118402503
2025-05-24 20:00,20.2096803981385
2025-05-24 21:00,17.462361464824866
2025-05-24 22:00,16.63405294511454
2025-05-24 23:00,17.208300809898983
2025-05-25 00:00,18.225080308609403
2025-05-25 01:00,19.010760550733995
2025-05-25 02:00,18.824227415925236
2025-05-25 03:00,17.288712850822012
2025-05-25 04:00,15.613683812779751
2025-05-25 05:00,13.989620513748827
2025-05-25 06:00,12.490670351771305
2025-05-25 07:00,10.076072225321962
2025-05-25 08:00,7.963417772280481
2025-05-25 09:00,6.177537561592301
2025-05-25 10:00,4.68787590070385
2025-05-25 11:00,3.793803179797756
2025-05-25 12:00,3.9844108241346468
2025-05-25 13:00,4.101134338772312
2025-05-25 14:00,4.069823182141502
2025-05-25 15:00,3.6111301405363214
2025-05-25 16:00,2.9779330760490668
2025-05-25 17:00,1.9485952873960286
2025-05-25 18:00,1.2449508543476777
2025-05-25 19:00,0.7001433449892926
2025-05-25 20:00,0.46297054063924936
2025-05-25 21:00,0.16433776752106272
2025-05-25 22:00,0.14481680733571195
2025-05-25 23:00,0.1532007207713338
2025-05-26 00:00,0.15106457910540091
2025-05-26 01:00,0.172324805583625
2025-05-26 02:00,0.22731244041773752
2025-05-26 03:00,0.4001976465143337
2025-05-26 04:00,0.5646278147606669
2025-05-26 05:00,0.7914945940775382
2025-05-26 06:00,1.4539711385655798
2025-05-26 07:00,2.2114303697698734
2025-05-26 08:00,3.1732524911248268
2025-05-26 09:00,4.583963957441877
2025-05-26 10:00,6.206778799989104
2025-05-26 11:00,7.722562686953106
2025-05-26 12:00,9.004941619363757
2025-05-26 13:00,9.91839315741014
2025-05-26 14:00,9.978076709872246
2025-05-26 15:00,9.528507473928325
2025-05-26 16:00,8.79920100970857
2025-05-26 17:00,7.936862754727917
2025-05-26 18:00,6.936263658589368
2025-05-26 19:00,5.944532517306095
2025-05-26 20:00,5.255728951330841
2025-05-26 21:00,4.349263547631672
2025-05-26 22:00,3.7122686803141436
2025-05-26 23:00,3.086591050385077
2025-05-27 00:00,2.8605189260136386
2025-05-27 01:00,2.533022295962506
2025-05-27 02:00,2.294037116831107
2025-05-27 03:00,1.9564020038192698
2025-05-27 04:00,1.696540716490576
2025-05-27 05:00,1.4283644228362853
2025-05-27 06:00,1.364071108060077
2025-05-27 07:00,1.23508099595981
2025-05-27 08:00,1.2349505363241948
2025-05-27 09:00,1.4701779222414229
2025-05-27 10:00,1.7617937041498348
2025-05-27 11:00,1.9204131276068281
2025-05-27 12:00,2.3364497613325463
2025-05-27 13:00,2.4813559702298846
2025-05-27 14:00,2.463515610090103
2025-05-27 15:00,2.279977647498023
2025-05-27 16:00,1.9008294410260784
2025-05-27 17:00,1.352636987835292
2025-05-27 18:00,0.9362152601122125
2025-05-27 19:00,0.5256080390640997
2025-05-27 20:00,0.2201267258423715
2025-05-27 21:00,0.08077620692454672
2025-05-27 22:00,0.03419074464511453
2025-05-27 23:00,0.03763964592233458
2025-05-28 00:00,0.03911665135426602
2025-05-28 01:00,0.04407713030914173
2025-05-28 02:00,0.04642891291892098
2025-05-28 03:00,0.025501593866764122
2025-05-28 04:00,0.02376539900854523
2025-05-28 05:00,0.011136013034362876
2025-05-28 06:00,0.007097065211376183
2025-05-28 07:00,0.01474143801818625
2025-05-28 08:00,0.015905560234219636
2025-05-28 09:00,0.06436007971398847
2025-05-28 10:00,0.2258865431147154
2025-05-28 11:00,0.9066930077104051
2025-05-28 12:00,2.168280555932438
2025-05-28 13:00,3.7641090313042262
2025-05-28 14:00,4.795781259425239
2025-05-28 15:00,6.903446437462813
2025-05-28 16:00,8.181398170698673
2025-05-28 17:00,7.763606224414707
2025-05-28 18:00,6.831819508641983
2025-05-28 19:00,6.363899899079744
2025-05-28 20:00,4.562461684134538
2025-05-28 21:00,3.2941211551876473
2025-05-28 22:00,2.5400006623364413
2025-05-28 23:00,2.0238792627038054
2025-05-29 00:00,1.563764674331751
2025-05-29 01:00,1.2649712217081879
2025-05-29 02:00,0.7110731663109002
2025-05-29 03:00,0.6396828052297676
2025-05-29 04:00,0.5089084446681625
2025-05-29 05:00,0.3698243699027188
2025-05-29 06:00,0.202195943798666
2025-05-29 07:00,0.12262568066503085
2025-05-29 08:00,0.15529260531386213
2025-05-29 09:00,0.23651505076638485
2025-05-29 10:00,1.2964550729089672
2025-05-29 11:00,3.1103307594055023
2025-05-29 12:00,6.07626496497573
2025-05-29 13:00,8.63616357557711
2025-05-29 14:00,11.020032705804244
2025-05-29 15:00,12.664123847903284
2025-05-29 16:00,12.765685940472043
2025-05-29 17:00,10.322242187534727
2025-05-29 18:00,7.740960920372466
2025-05-29 19:00,5.276633383409145
2025-05-29 20:00,2.666770655572077
2025-05-29 21:00,0.9638028012583799
2025-05-29 22:00,0.8859945022115856
2025-05-29 23:00,1.6173737772817436
2025-05-30 00:00,1.9560181171017077
2025-05-30 01:00,2.1197729728443897
2025-05-30 02:00,1.950558636723276
2025-05-30 03:00,1.4527446090769947
2025-05-30 04:00,0.7379772575955272
2025-05-30 05:00,0.40322583630240844
2025-05-30 06:00,0.13579297839098586
2025-05-30 07:00,0.12193320929703333
2025-05-30 08:00,0.17364999175204449
2025-05-30 09:00,0.5199610596451876
2025-05-30 10:00,1.561465158473376
2025-05-30 11:00,4.025925249221663
2025-05-30 12:00,6.646238231136474
2025-05-30 13:00,9.26516591090391
2025-05-30 14:00,10.979789781290282
2025-05-30 15:00,11.740338374935586
2025-05-30 16:00,10.351806205642285
2025-05-30 17:00,8.1970846033503
2025-05-30 18:00,5.835446502159174
2025-05-30 19:00,3.9109099875498634
2025-05-30 20:00,2.152953203050366
2025-05-30 21:00,1.2486069433649922
2025-05-30 22:00,0.8532151553614428
2025-05-30 23:00,0.5802640152930245
2025-05-31 00:00,0.4319105789069194
2025-05-31 01:00,0.39973263349957355
2025-05-31 02:00,0.22267347601069393
2025-05-31 03:00,0.12631778843174898
2025-05-31 04:00,0.10460866529155025
2025-05-31 05:00,0.07614568782476208
2025-05-31 06:00,0.04046212673353463
2025-05-31 07:00,0.043741738047296905
2025-05-31 08:00,0.04419707752668702
2025-05-31 09:00,0.05338859556304978
2025-05-31 10:00,0.11134102790595861
2025-05-31 11:00,0.5663213910397282
2025-05-31 12:00,1.092335840302658
2025-05-31 13:00,1.771887422992155
2025-05-31 14:00,2.865087667858071
2025-05-31 15:00,3.5540942827254725
2025-05-31 16:00,3.5908337439879903
2025-05-31 17:00,3.531399898633235
2025-05-31 18:00,2.932814342384238
2025-05-31 19:00,1.8431764068953185
2025-05-31 20:00,1.083948796008323
2025-05-31 21:00,0.6017613441387256
2025-05-31 22:00,0.1339836605533979
2025-05-31 23:00,0.047873068812180064
2025-06-01 00:00,0.01655330912031403
2025-06-01 01:00,0.025233196518773076
2025-06-01 02:00,0.01793535113573851
2025-06-01 03:00,0.035076727787343595
2025-06-01 04:00,0.05188780840552334
2025-06-01 05:00,0.05141215691644522
2025-06-01 06:00,0.03975825962032454
2025-06-01 07:00,0.041945034020131264
2025-06-01 08:00,0.03443942099934202
2025-06-01 09:00,0.03445073074046925
2025-06-01 10:00,0.09957778847927896
2025-06-01 11:00,0.4054516425184052
2025-06-01 12:00,0.824239445277691
2025-06-01 13:00,1.133578302248821
2025-06-01 14:00,1.4046994358367833
2025-06-01 15:00,1.7268833638896812
2025-06-01 16:00,1.6283389094379253
2025-06-01 17:00,1.2558587731612543
2025-06-01 18:00,0.9586638263035956
2025-06-01 19:00,0.6719512678136823
2025-06-01 20:00,0.3006907215890505
2025-06-01 21:00,0.097146906635069
2025-06-01 22:00,0.06118638137493541
2025-06-01 23:00,0.0435277419997137
2025-06-02 00:00,0.05681586782486436
2025-06-02 01:00,0.06189266281352999
2025-06-02 02:00,0.07471064221238684
2025-06-02 03:00,0.06460229159223484
2025-06-02 04:00,0.08386894120992609
2025-06-02 05:00,0.0908674820910095
2025-06-02 06:00,0.17226038038477126
2025-06-02 07:00,0.16621641295633996
2025-06-02 08:00,0.30507610114856343
2025-06-02 09:00,0.6651223811973627
2025-06-02 10:00,1.0233270096591556
2025-06-02 11:00,1.3427276272018274
2025-06-02 12:00,1.6949696543600195
2025-06-02 13:00,2.0821874105925438
2025-06-02 14:00,3.014000372125159
2025-06-02 15:00,4.162139198664232
2025-06-02 16:00,5.594172437272315
2025-06-02 17:00,6.561935334133219
2025-06-02 18:00,7.28473524976247
2025-06-02 19:00,6.717540083781827
2025-06-02 20:00,6.088222507677949
2025-06-02 21:00,5.594388693101111
2025-06-02 22:00,5.615894702266425
2025-06-02 23:00,5.7415311300065905
2025-06-03 00:00,6.795730562792892
2025-06-03 01:00,7.803175482746165
2025-06-03 02:00,7.919930070350327
2025-06-03 03:00,8.005082058709409
2025-06-03 04:00,8.926551061688112
2025-06-03 05:00,8.641200682419129
2025-06-03 06:00,7.562079245398476
2025-06-03 07:00,6.712843244970346
2025-06-03 08:00,5.980874767680515
2025-06-03 09:00,4.4059986363772286
2025-06-03 10:00,3.792213148406083
2025-06-03 11:00,5.138799819134034
2025-06-03 12:00,7.491613687034577
2025-06-03 13:00,8.846454237660092
2025-06-03 14:00,10.054180713121701
2025-06-03 15:00,11.265054405356125
2025-06-03 16:00,10.91327061959549
2025-06-03 17:00,9.510199014850079
2025-06-03 18:00,8.482281851914262
2025-06-03 19:00,7.8360795946150645
2025-06-03 20:00,7.285176440114592
2025-06-03 21:00,7.068542214127139
2025-06-03 22:00,7.105309403683554
2025-06-03 23:00,7.762464839930826
2025-06-04 00:00,8.632163624749428
2025-06-04 01:00,9.723981794485008
2025-06-04 02:00,11.690145970205402
2025-06-04 03:00,13.54403983830178
2025-06-04 04:00,15.41536812851857
2025-06-04 05:00,17.56162115828127
2025-06-04 06:00,18.32648755857388
2025-06-04 07:00,16.924259652928967
2025-06-04 08:00,14.981526250434083
2025-06-04 09:00,13.320115407980321
2025-06-04 10:00,10.990926034026298
2025-06-04 11:00,9.365106658272115
2025-06-04 12:00,9.352315867994452
2025-06-04 13:00,9.965806739418444
2025-06-04 14:00,10.024455344389242
2025-06-04 15:00,10.034044692937403
2025-06-04 16:00,9.702261669750188
2025-06-04 17:00,8.695147936069501
2025-06-04 18:00,7.843076788578505
2025-06-04 19:00,7.031336006357931
2025-06-04 20:00,6.123709540741461
2025-06-04 21:00,5.284669079213637
2025-06-04 22:00,4.332421271102908
2025-06-04 23:00,3.3155253934620506
2025-06-05 00:00,2.3721246284296345
2025-06-05 01:00,1.456405320368475
2025-06-05 02:00,0.9948419069035784
2025-06-05 03:00,0.8184565457902764
2025-06-05 04:00,0.6514843319769111
2025-06-05 05:00,0.46008094931530896
2025-06-05 06:00,0.30586831499431943
2025-06-05 07:00,0.16074663134394251
2025-06-05 08:00,0.18949876704606033
2025-06-05 09:00,0.16939612037992058
2025-06-05 10:00,0.6602923502281912
2025-06-05 11:00,1.1306144503466027
2025-06-05 12:00,1.9051795477480318
2025-06-05 13:00,3.058394905864179
2025-06-05 14:00,4.411658325306567
2025-06-05 15:00,5.699934271824189
2025-06-05 16:00,7.3982047349298625
2025-06-05 17:00,8.642190465755997
2025-06-05 18:00,10.417722463435394
2025-06-05 19:00,13.72556291783448
2025-06-05 20:00,16.750613715242913
2025-06-05 21:00,18.49067347140877
2025-06-05 22:00,19.303629808425644
2025-06-05 23:00,20.464649630441592
2025-06-06 00:00,20.651424936437856
2025-06-06 01:00,20.1009379899001
2025-06-06 02:00,19.137587191993294
2025-06-06 03:00,18.60886926736431
2025-06-06 04:00,16.9368602688405
2025-06-06 05:00,15.093224246933389
2025-06-06 06:00,13.98979805805892
2025-06-06 07:00,13.511971054204029
2025-06-06 08:00,13.187269650733421
2025-06-06 09:00,12.902968774820005
2025-06-06 10:00,11.519390170959397
2025-06-06 11:00,10.030328176398621
2025-06-06 12:00,9.239159235911478
2025-06-06 13:00,9.24140176278102
2025-06-06 14:00,8.621503061160096
2025-06-06 15:00,8.831526424486253
2025-06-06 16:00,8.934754861769427
2025-06-06 17:00,8.769211297471593
2025-06-06 18:00,8.22786314651071
2025-06-06 19:00,8.454578350469685
2025-06-06 20:00,8.15367814710614
2025-06-06 21:00,8.841165522326339
2025-06-06 22:00,9.820194478048256
2025-06-06 23:00,10.58676839004884
2025-06-07 00:00,10.381607453048975
2025-06-07 01:00,10.263009225897651
2025-06-07 02:00,8.98812034574556
2025-06-07 03:00,8.241610800220782
2025-06-07 04:00,7.480628140445331
2025-06-07 05:00,7.30523580618812
2025-06-07 06:00,7.283225027509869
2025-06-07 07:00,8.258596429156748
2025-06-07 08:00,8.616375301289754
2025-06-07 09:00,9.186073503251293
2025-06-07 10:00,9.70026747110307
2025-06-07 11:00,9.944218430536642
2025-06-07 12:00,9.328955139958131
2025-06-07 13:00,8.720727438396931
2025-06-07 14:00,8.2712102439576
2025-06-07 15:00,7.212537269090909
2025-06-07 16:00,5.98168523351074
2025-06-07 17:00,4.654725107172144
2025-06-07 18:00,3.3080517891764223
2025-06-07 19:00,1.7698397118872127
2025-06-07 20:00,0.9492446798256134
2025-06-07 21:00,0.48940228185102025
2025-06-07 22:00,0.27375343222115944
2025-06-07 23:00,0.12547827648799945
2025-06-08 00:00,0.08471974141497804
2025-06-08 01:00,0.04349388318950868
2025-06-08 02:00,0.03806126164024887
2025-06-08 03:00,0.08723320888069112
2025-06-08 04:00,0.12448515382782781
2025-06-08 05:00,0.16279655892225775
2025-06-08 06:00,0.17517679714243498
2025-06-08 07:00,0.16939740551602164
2025-06-08 08:00,0.12390475935938414
2025-06-08 09:00,0.10865356128260475
2025-06-08 10:00,0.12208142216297904
2025-06-08 11:00,0.27584515789913855
2025-06-08 12:00,0.8889811921583319
2025-06-08 13:00,1.3701910249061022
2025-06-08 14:00,2.0879682616451882
2025-06-08 15:00,2.7982415082308583
2025-06-08 16:00,3.161578304400812
2025-06-08 17:00,2.791143763017268
2025-06-08 18:00,2.343161126439708
2025-06-08 19:00,1.6077124536144851
2025-06-08 20:00,0.8635486330474148
2025-06-08 21:00,0.3436136120006649
2025-06-08 22:00,0.08996900521480826
2025-06-08 23:00,0.04777607392921441
2025-06-09 00:00,0.07996251661662465
2025-06-09 01:00,0.10599430388795553
2025-06-09 02:00,0.2908606268993902
2025-06-09 03:00,0.47085323288280734
2025-06-09 04:00,0.6407692911571172
2025-06-09 05:00,0.7956589550152458
2025-06-09 06:00,1.0128472978441536
2025-06-09 07:00,1.085179324658762
2025-06-09 08:00,1.0211870669097978
2025-06-09 09:00,0.8632841518284963
2025-06-09 10:00,0.7631663488404447
2025-06-09 11:00,0.6694361277200829
2025-06-09 12:00,0.7553440731713146
2025-06-09 13:00,1.120281610399927
2025-06-09 14:00,1.5647630441556424
2025-06-09 15:00,1.7386081388214112
2025-06-09 16:00,1.7615545552765972
2025-06-09 17:00,1.425963782598953
2025-06-09 18:00,0.9499926444885576
2025-06-09 19:00,0.5065660800941526
2025-06-09 20:00,0.242238452464816
2025-06-09 21:00,0.08481248955512247
2025-06-09 22:00,0.12247345907497734
2025-06-09 23:00,0.30201010372754933
2025-06-10 00:00,1.06835553826681
2025-06-10 01:00,2.1583458796823094
2025-06-10 02:00,4.422525663895665
2025-06-10 03:00,6.631781611408266
2025-06-10 04:00,7.841395362166017
2025-06-10 05:00,7.820639778579047
2025-06-10 06:00,6.9383068333271725
2025-06-10 07:00,4.798837041163216
2025-06-10 08:00,2.686263176339002
2025-06-10 09:00,1.4211062212947885
2025-06-10 10:00,1.4072694494333173
2025-06-10 11:00,2.022745944494984
2025-06-10 12:00,3.160671178149497
2025-06-10 13:00,4.5221835893734355
2025-06-10 14:00,5.794132248393492
2025-06-10 15:00,6.008838888785529
2025-06-10 16:00,5.763638402761051
2025-06-10 17:00,4.889696230134414
2025-06-10 18:00,3.814553565602948
2025-06-10 19:00,2.7362551002587105
2025-06-10 20:00,2.1525148942452876
2025-06-10 21:00,2.2385825892140625
2025-06-10 22:00,2.624011983564413
2025-06-10 23:00,2.8774096729592373
2025-06-11 00:00,3.20713728157004
2025-06-11 01:00,3.3505775012380097
2025-06-11 02:00,3.288939258188426
2025-06-11 03:00,3.2276678336698525
2025-06-11 04:00,3.018070144697199
2025-06-11 05:00,2.5400339179348306
2025-06-11 06:00,2.391651333974214
2025-06-11 07:00,2.476416539400788
2025-06-11 08:00,2.852860707025429
2025-06-11 09:00,3.581811619846994
2025-06-11 10:00,4.57054629116903
2025-06-11 11:00,6.063524187094869
2025-06-11 12:00,8.099065667889766
2025-06-11 13:00,10.119347554600912
2025-06-11 14:00,10.942415907221733
2025-06-11 15:00,11.553943659292706
2025-06-11 16:00,11.472181220378307
2025-06-11 17:00,10.088982907353456
2025-06-11 18:00,8.032415529617262
2025-06-11 19:00,6.4342984241462755
2025-06-11 20:00,4.703208273234126
2025-06-11 21:00,3.0542674135958885
2025-06-11 22:00,1.972907356535477
2025-06-11 23:00,1.0738750440076168
2025-06-12 00:00,0.6495760832440876
2025-06-12 01:00,0.6383447889316549
2025-06-12 02:00,0.5467891073733326
2025-06-12 03:00,0.32988815295046414
2025-06-12 04:00,0.16062394085188333
2025-06-12 05:00,0.16534968969926706
2025-06-12 06:00,0.14674015553611633
2025-06-12 07:00,0.142797745319818
2025-06-12 08:00,0.11592588349854704
2025-06-12 09:00,0.0992011933072525
2025-06-12 10:00,0.09467427457486041
2025-06-12 11:00,0.08490410460003042
2025-06-12 12:00,0.058305572519745205
2025-06-12 13:00,0.21278893608745997
2025-06-12 14:00,0.7712148294364054
2025-06-12 15:00,1.784897313048048
2025-06-12 16:00,2.550410593218678
2025-06-12 17:00,3.140165109158568
2025-06-12 18:00,3.3052636163124505
2025-06-12 19:00,3.018764952782451
2025-06-12 20:00,2.1904976360083763
2025-06-12 21:00,1.6086507764815665
2025-06-12 22:00,1.0346668590152936
2025-06-12 23:00,0.7108533521054196
2025-06-13 00:00,0.43887591080634786
2025-06-13 01:00,0.24459869855991134
2025-06-13 02:00,0.10760764364097479
2025-06-13 03:00,0.15319662157335165
2025-06-13 04:00,0.4452038086059765
2025-06-13 05:00,0.6268188640875894
2025-06-13 06:00,0.7431601299785281
2025-06-13 07:00,1.0101364907694885
2025-06-13 08:00,1.261248705203219
2025-06-13 09:00,1.369985269197165
2025-06-13 10:00,1.5923464678991412
2025-06-13 11:00,2.1233643682851
2025-06-13 12:00,2.6446074048741677
2025-06-13 13:00,4.371968091794059
2025-06-13 14:00,6.382449513725783
2025-06-13 15:00,8.422834085733193
2025-06-13 16:00,9.709914970443275
2025-06-13 17:00,10.509303735654475
2025-06-13 18:00,11.275964153218215
2025-06-13 19:00,11.945883044990188
2025-06-13 20:00,13.080400011115822
2025-06-13 21:00,15.138397839266412
2025-06-13 22:00,17.809215230002753
2025-06-13 23:00,19.11046342707815
2025-06-14 00:00,21.70095453125135
2025-06-14 01:00,24.13504522503275
2025-06-14 02:00,26.268118219648464
2025-06-14 03:00,27.737252476172323
2025-06-14 04:00,27.22691113068625
2025-06-14 05:00,24.872602487063787
2025-06-14 06:00,22.17252259417898
2025-06-14 07:00,19.90746250718886
2025-06-14 08:00,17.446350001013478
2025-06-14 09:00,18.25127104319844
2025-06-14 10:00,18.932813222420503
2025-06-14 11:00,18.906637795826533
2025-06-14 12:00,18.04209617752568
2025-06-14 13:00,16.925742274947826
2025-06-14 14:00,14.059358187449615
2025-06-14 15:00,11.342162146418511
2025-06-14 16:00,9.104062854062054
2025-06-14 17:00,6.666475900241119
2025-06-14 18:00,5.059364389221316
2025-06-14 19:00,4.031813665822016
2025-06-14 20:00,2.8747422300016714
2025-06-14 21:00,2.1570126330479473
2025-06-14 22:00,1.8529685514042833
2025-06-14 23:00,1.5879606777379878
2025-06-15 00:00,1.1636410265399293
2025-06-15 01:00,1.1249427461436508
2025-06-15 02:00,1.2141564964322105
2025-06-15 03:00,1.5525460285105361
2025-06-15 04:00,2.033100561650751
2025-06-15 05:00,3.1596224009182317
2025-06-15 06:00,4.327054919105342
2025-06-15 07:00,4.971430343010721
2025-06-15 08:00,5.430514511306905
2025-06-15 09:00,5.7855219894549395
2025-06-15 10:00,5.958077136349192
2025-06-15 11:00,6.375608579867165
2025-06-15 12:00,8.995739463215935
2025-06-15 13:00,13.550371386221883
2025-06-15 14:00,19.339095400191432
2025-06-15 15:00,25.793203101366327
2025-06-15 16:00,32.09971123156875
2025-06-15 17:00,36.7715591084057
2025-06-15 18:00,39.032906405790015
2025-06-15 19:00,40.441684157581804
2025-06-15 20:00,39.91645399717128
2025-06-15 21:00,39.70590291089788
2025-06-15 22:00,39.81343700182076
2025-06-15 23:00,40.07690531890624
2025-06-16 00:00,39.96537890289178
2025-06-16 01:00,40.548143075759306
2025-06-16 02:00,40.47592985706039
2025-06-16 03:00,39.336005467825174
2025-06-16 04:00,38.03804562092972
2025-06-16 05:00,38.646608013272626
2025-06-16 06:00,39.86155210138858
2025-06-16 07:00,40.23535004817346
2025-06-16 08:00,41.337501807203104
2025-06-16 09:00,43.840378149257866
2025-06-16 10:00,44.98312351120198
2025-06-16 11:00,45.99521300216166
2025-06-16 12:00,47.62270418297175
2025-06-16 13:00,48.932987229085946
2025-06-16 14:00,49.294823451994475
2025-06-16 15:00,48.52244395601651
2025-06-16 16:00,47.764855617878354
2025-06-16 17:00,47.095343349886114
2025-06-16 18:00,46.28660938532659
2025-06-16 19:00,45.34738172446726
2025-06-16 20:00,44.51521488718695
2025-06-16 21:00,42.9788959003187
2025-06-16 22:00,42.24978461797197
2025-06-16 23:00,42.125972553021185
2025-06-17 00:00,41.94356881147986
2025-06-17 01:00,42.40655175205072
2025-06-17 02:00,43.462516660538775
2025-06-17 03:00,44.5160137532529
2025-06-17 04:00,45.10613142045867
2025-06-17 05:00,45.964309527429805
2025-06-17 06:00,45.99298329431686
2025-06-17 07:00,45.853436096587416
2025-06-17 08:00,45.4459616948508
2025-06-17 09:00,44.894994526320176
2025-06-17 10:00,43.95807201919628
2025-06-17 11:00,43.47641059440056
2025-06-17 12:00,43.43984024090677
2025-06-17 13:00,43.39013050610198
2025-06-17 14:00,43.067011993639255
2025-06-17 15:00,42.7040368573988
2025-06-17 16:00,41.72280234123302
2025-06-17 17:00,39.575102016500225
2025-06-17 18:00,35.82428828923434
2025-06-17 19:00,31.286490648115368
2025-06-17 20:00,27.371038179031594
2025-06-17 21:00,24.318367934338625
2025-06-17 22:00,22.6127570884541
2025-06-17 23:00,21.587987086204983
2025-06-18 00:00,21.902512419688385
2025-06-18 01:00,19.887608584200056
2025-06-18 02:00,16.80664407635417
2025-06-18 03:00,12.74884613012872
2025-06-18 04:00,9.220975492083841
2025-06-18 05:00,5.022103427158158
2025-06-18 06:00,2.865280123315016
2025-06-18 07:00,1.6043379730216578
2025-06-18 08:00,0.8546111744369019
2025-06-18 09:00,0.2604715122088456
2025-06-18 10:00,0.25707076270819024
2025-06-18 11:00,0.3722881201927821
2025-06-18 12:00,0.6815157752367449
2025-06-18 13:00,1.0993801918741029
2025-06-18 14:00,1.496724009361159
2025-06-18 15:00,1.7057127398021064
2025-06-18 16:00,1.781615464651042
2025-06-18 17:00,1.5050728317402604
2025-06-18 18:00,1.2603425611398535
2025-06-18 19:00,1.2436583217458868
2025-06-18 20:00,1.4474742959525941
2025-06-18 21:00,1.8743963469414502
2025-06-18 22:00,2.5667805152035137
2025-06-18 23:00,3.1576171155851145
2025-06-19 00:00,3.5788175480903517
2025-06-19 01:00,3.51164831101383
2025-06-19 02:00,3.25929890251039
2025-06-19 03:00,2.908291555782575
2025-06-19 04:00,2.188623996208974
2025-06-19 05:00,1.9378460851945
2025-06-19 06:00,2.278471634846354
2025-06-19 07:00,2.583177675334103
2025-06-19 08:00,2.3689380212355173
2025-06-19 09:00,2.5189659670803155
2025-06-19 10:00,2.438240621892973
2025-06-19 11:00,2.4823844385657616
2025-06-19 12:00,2.735748384483023
2025-06-19 13:00,3.590425015133694
2025-06-19 14:00,4.816585921036465
2025-06-19 15:00,6.5579735984831276
2025-06-19 16:00,9.540326014961874
2025-06-19 17:00,13.392623943682963
2025-06-19 18:00,18.581119706572895
2025-06-19 19:00,23.440057110202673
2025-06-19 20:00,28.402967947473076
2025-06-19 21:00,32.29064841049382
2025-06-19 22:00,35.93368542730121
2025-06-19 23:00,37.5969531488896
2025-06-20 00:00,39.59928131437239
2025-06-20 01:00,40.2896834958687
2025-06-20 02:00,40.75777190603486
2025-06-20 03:00,41.56529959438463
2025-06-20 04:00,43.198491323335176
2025-06-20 05:00,44.393535719063024
2025-06-20 06:00,46.177420428454894
2025-06-20 07:00,47.84400856110947
2025-06-20 08:00,48.24773483439585
2025-06-20 09:00,48.026292079159255
2025-06-20 10:00,47.80747284626567
2025-06-20 11:00,47.340865473903776
2025-06-20 12:00,46.87466099397688
2025-06-20 13:00,46.76633648764299
2025-06-20 14:00,46.91443444648142
2025-06-20 15:00,46.82359624408857
2025-06-20 16:00,47.22648617346971
2025-06-20 17:00,47.67207444725424
2025-06-20 18:00,47.77328592180329
2025-06-20 19:00,47.927290745573885
2025-06-20 20:00,47.757638261584724
2025-06-20 21:00,47.13421496721417
2025-06-20 22:00,46.01537102927965
2025-06-20 23:00,45.15163173197465
2025-06-21 00:00,44.277834657862385
2025-06-21 01:00,43.641298038929975
2025-06-21 02:00,43.62309206269703
2025-06-21 03:00,44.087835763877585
2025-06-21 04:00,44.125661579828304
2025-06-21 05:00,44.32058266136265
2025-06-21 06:00,45.09224709497445
2025-06-21 07:00,44.11552711292147
2025-06-21 08:00,41.930081788363466
2025-06-21 09:00,39.85906859662863
2025-06-21 10:00,38.14154312714269
2025-06-21 11:00,37.075321396418204
2025-06-21 12:00,37.31875046476938
2025-06-21 13:00,37.65946296976578
2025-06-21 14:00,36.10480572326705
2025-06-21 15:00,31.908674795387288
2025-06-21 16:00,25.875445672512324
2025-06-21 17:00,20.282754297985083
2025-06-21 18:00,14.41862529563566
2025-06-21 19:00,10.161209137934282
2025-06-21 20:00,7.92719567712511
2025-06-21 21:00,6.722314971083288
2025-06-21 22:00,4.284941838996409
2025-06-21 23:00,3.238218360871791
2025-06-22 00:00,2.5887552854495954
2025-06-22 01:00,1.9853203836626387
2025-06-22 02:00,1.1925627025375074
2025-06-22 03:00,1.2324975303360932
2025-06-22 04:00,1.1948532234773428
2025-06-22 05:00,1.2684177065083955
2025-06-22 06:00,1.2930846329227736
2025-06-22 07:00,1.2746324437996808
2025-06-22 08:00,1.0893406126396439
2025-06-22 09:00,0.8478012121115818
2025-06-22 10:00,0.7853753652822152
2025-06-22 11:00,0.9250075394743449
2025-06-22 12:00,1.3399315343389282
2025-06-22 13:00,1.7806338974909273
2025-06-22 14:00,2.401142100861914
2025-06-22 15:00,2.4541756109020745
2025-06-22 16:00,2.421207230171626
2025-06-22 17:00,2.1230026012907555
2025-06-22 18:00,1.7335156159137224
2025-06-22 19:00,1.0595329810946252
2025-06-22 20:00,0.6921692016786122
2025-06-22 21:00,0.3909058210711298
2025-06-22 22:00,0.19792923053728043
2025-06-22 23:00,0.10191685712842322
2025-06-23 00:00,0.04562090326975467
2025-06-23 01:00,0.05959623795811218
2025-06-23 02:00,0.07464004833670539
2025-06-23 03:00,0.16385251128524433
2025-06-23 04:00,0.1955246004471564
2025-06-23 05:00,0.22592706900330056
2025-06-23 06:00,0.23589520112458665
2025-06-23 07:00,0.26195881515956476
2025-06-23 08:00,0.3384157355970179
2025-06-23 09:00,0.7547938625394186
2025-06-23 10:00,1.050460262163932
2025-06-23 11:00,1.5854514042967347
2025-06-23 12:00,2.066679216899952
2025-06-23 13:00,2.6910935092678976
2025-06-23 14:00,3.394743849015607
2025-06-23 15:00,4.3398211021210145
2025-06-23 16:00,4.462516473679601
2025-06-23 17:00,4.093656139036633
2025-06-23 18:00,3.478357617900747
2025-06-23 19:00,2.493426322268672
2025-06-23 20:00,1.3034166172333976
2025-06-23 21:00,0.8512681133782383
2025-06-23 22:00,1.0148972514512111
2025-06-23 23:00,1.3190297422402906
2025-06-24 00:00,1.749465577937395
2025-06-24 01:00,2.2247042264381243
2025-06-24 02:00,2.669848646446303
2025-06-24 03:00,2.790916917561032
2025-06-24 04:00,2.4392482517215424
2025-06-24 05:00,2.085158510956674
2025-06-24 06:00,1.8710266295883407
2025-06-24 07:00,1.4147722644723624
2025-06-24 08:00,1.0499004241241483
2025-06-24 09:00,1.0734484637513462
2025-06-24 10:00,0.9960941842257294
2025-06-24 11:00,0.913651839000555
2025-06-24 12:00,0.9178377312687219
2025-06-24 13:00,0.9285185146800018
2025-06-24 14:00,0.8418103157760266
2025-06-24 15:00,0.7011826250752311
2025-06-24 16:00,0.5333886167275969
2025-06-24 17:00,0.4414402680206713
2025-06-24 18:00,0.441004415826001
2025-06-24 19:00,0.47424499341112486
2025-06-24 20:00,0.5394703497894956
2025-06-24 21:00,0.6658963761437546
2025-06-24 22:00,0.6504263867748422
2025-06-24 23:00,0.6724907386101353
2025-06-25 00:00,0.7042412050585249
2025-06-25 01:00,0.9130176364594101
2025-06-25 02:00,1.218299805034518
2025-06-25 03:00,1.9907429061513362
2025-06-25 04:00,2.867894441406256
2025-06-25 05:00,3.759839670122081
2025-06-25 06:00,4.27809573380834
2025-06-25 07:00,4.320413312293082
2025-06-25 08:00,4.7951613415429915
2025-06-25 09:00,5.6174381260729
2025-06-25 10:00,6.524167269433373
2025-06-25 11:00,7.679277692671735
2025-06-25 12:00,9.908172195801018
2025-06-25 13:00,11.30362841834994
2025-06-25 14:00,13.144141216838307
2025-06-25 15:00,15.718731974374654
2025-06-25 16:00,18.577572935283648
2025-06-25 17:00,19.944925589299856
2025-06-25 18:00,21.363399488951295
2025-06-25 19:00,20.450933091990088
2025-06-25 20:00,18.49592690696154
2025-06-25 21:00,17.197675157762028
2025-06-25 22:00,15.793939427422867
2025-06-25 23:00,14.108374881118996
2025-06-26 00:00,12.806431211553086
2025-06-26 01:00,11.28353136724002
2025-06-26 02:00,8.815241987440203
2025-06-26 03:00,6.805126261152448
2025-06-26 04:00,4.904351398532258
2025-06-26 05:00,3.791568778899072
2025-06-26 06:00,3.1726473724877993
2025-06-26 07:00,2.207797534304131
2025-06-26 08:00,1.5600907280693317
2025-06-26 09:00,1.0801274811458679
2025-06-26 10:00,0.8976267485805467
2025-06-26 11:00,0.6906506646196179
2025-06-26 12:00,0.8570989710442593
2025-06-26 13:00,1.1350720498524065
2025-06-26 14:00,1.1815850495195712
2025-06-26 15:00,1.320525942170482
2025-06-26 16:00,1.394620830050596
2025-06-26 17:00,1.2311619538144316
2025-06-26 18:00,0.9088114199649946
2025-06-26 19:00,0.7461208782853819
2025-06-26 20:00,0.47794672242019287
2025-06-26 21:00,0.289814964868844
2025-06-26 22:00,0.2842707040094983
2025-06-26 23:00,0.22673007634177433
2025-06-27 00:00,0.24546543332825052
2025-06-27 01:00,0.23880876745866306
2025-06-27 02:00,0.17905395491428905
2025-06-27 03:00,0.1275313021887572
2025-06-27 04:00,0.13301973461494235
2025-06-27 05:00,0.11901583308070471
2025-06-27 06:00,0.11697101379066162
2025-06-27 07:00,0.11166928317497567
2025-06-27 08:00,0.11578296308223646
2025-06-27 09:00,0.20498172806056497
2025-06-27 10:00,0.239602799877425
2025-06-27 11:00,0.3003094165838599
2025-06-27 12:00,0.32751193156467
2025-06-27 13:00,0.3615415584684687
2025-06-27 14:00,0.4201433416525563
2025-06-27 15:00,0.6828558946154034
2025-06-27 16:00,0.9742772195106342
2025-06-27 17:00,1.2202124989893097
2025-06-27 18:00,1.7107690362072112
2025-06-27 19:00,2.378298382901458
2025-06-27 20:00,3.304907190725397
2025-06-27 21:00,4.359838967857408
2025-06-27 22:00,5.182686209898111
2025-06-27 23:00,5.700322814556889
2025-06-28 00:00,5.72998635916653
2025-06-28 01:00,5.25596124733868
2025-06-28 02:00,4.5525519187798285
2025-06-28 03:00,4.06059839855634
2025-06-28 04:00,3.4951459987041673
2025-06-28 05:00,3.272045850279118
2025-06-28 06:00,3.409288934176179
2025-06-28 07:00,3.632077126527354
2025-06-28 08:00,4.234778278307539
2025-06-28 09:00,5.378219053859368
2025-06-28 10:00,6.377289840577046
2025-06-28 11:00,6.865752938708047
2025-06-28 12:00,7.2875224871067275
2025-06-28 13:00,7.456847919678063
2025-06-28 14:00,7.657419803755812
2025-06-28 15:00,7.779895491359926
2025-06-28 16:00,7.976637976196132
2025-06-28 17:00,7.184922794970065
2025-06-28 18:00,6.568071420888489
2025-06-28 19:00,6.102546543500859
2025-06-28 20:00,6.264132927770129
2025-06-28 21:00,6.952753429348033
2025-06-28 22:00,8.384867953523727
2025-06-28 23:00,10.07593876638944
2025-06-29 00:00,10.31339013376043
2025-06-29 01:00,9.161868649151867
2025-06-29 02:00,7.868566961828231
2025-06-29 03:00,6.04186537213022
2025-06-29 04:00,3.8512547634632748
2025-06-29 05:00,2.5939171049099414
2025-06-29 06:00,2.162777777155203
2025-06-29 07:00,1.8525942213762576
2025-06-29 08:00,3.0193190844333975
2025-06-29 09:00,4.109559488449297
2025-06-29 10:00,5.3137393159328035
2025-06-29 11:00,6.575081473174704
2025-06-29 12:00,7.516692904375884
2025-06-29 13:00,7.9575153910367336
2025-06-29 14:00,8.502364299640044
2025-06-29 15:00,9.901160701388577
2025-06-29 16:00,10.57062583919059
2025-06-29 17:00,10.307624669420056
2025-06-29 18:00,9.745418253249932
2025-06-29 19:00,8.683760572076007
2025-06-29 20:00,6.242547034308229
2025-06-29 21:00,4.295663763610169
2025-06-29 22:00,3.162198410244297
2025-06-29 23:00,1.9870948029077362
2025-06-30 00:00,1.224701339391406
2025-06-30 01:00,0.7201642855257048
2025-06-30 02:00,0.45062471871489185
2025-06-30 03:00,0.3503657333063216
2025-06-30 04:00,0.3424973168163638
2025-06-30 05:00,0.28256375591734123
2025-06-30 06:00,0.2760379448664576
2025-06-30 07:00,0.2587206167013963
2025-06-30 08:00,0.2690964987732404
2025-06-30 09:00,0.7886077672860499
2025-06-30 10:00,1.748149296274113
2025-06-30 11:00,2.845645784691656
2025-06-30 12:00,4.106531510152983
2025-06-30 13:00,5.565386375956183
2025-06-30 14:00,6.139725373902371
2025-06-30 15:00,5.962303859672458
2025-06-30 16:00,5.340707933279005
2025-06-30 17:00,4.474778275058041
2025-06-30 18:00,3.125922933603548
2025-06-30 19:00,2.1233801927765237
2025-06-30 20:00,1.4971656016563706
2025-06-30 21:00,1.1358318539557135
2025-06-30 22:00,0.7681501312987906
2025-06-30 23:00,0.847669744089522
2025-07-01 00:00,0.9317649848565036
2025-07-01 01:00,1.016402254548432
2025-07-01 02:00,1.2482344954596951
2025-07-01 03:00,1.6842020311980406
2025-07-01 04:00,2.0617271862699846
2025-07-01 05:00,2.544896124863636
2025-07-01 06:00,3.3192207596794256
2025-07-01 07:00,4.172497893245061
2025-07-01 08:00,4.959285491975535
2025-07-01 09:00,5.682509128625522
2025-07-01 10:00,6.089163942314675
2025-07-01 11:00,6.106304847455801
2025-07-01 12:00,6.020659227857893
2025-07-01 13:00,5.792280689369813
2025-07-01 14:00,5.243104956252105
2025-07-01 15:00,4.9749504063098815
2025-07-01 16:00,4.3618496738925785
2025-07-01 17:00,3.480183711732117
2025-07-01 18:00,2.597657230234704
2025-07-01 19:00,2.102751072143745
2025-07-01 20:00,1.5693789412340435
2025-07-01 21:00,1.7361826590328644
2025-07-01 22:00,3.2582807577013115
2025-07-01 23:00,4.185365436527002
2025-07-02 00:00,4.915441941603459
2025-07-02 01:00,5.695076359337902
2025-07-02 02:00,5.941218676531575
2025-07-02 03:00,5.174813934010094
2025-07-02 04:00,5.062256295075035
2025-07-02 05:00,5.1321403441098
2025-07-02 06:00,5.4318709085926145
2025-07-02 07:00,5.984083745753158
2025-07-02 08:00,6.5608062885049945
2025-07-02 09:00,7.393861487106011
2025-07-02 10:00,7.924492774998119
2025-07-02 11:00,8.59042667612411
2025-07-02 12:00,8.896951258567073
2025-07-02 13:00,8.2638738488622
2025-07-02 14:00,7.0721018315993645
2025-07-02 15:00,6.075284168381981
2025-07-02 16:00,4.8511310649226065
2025-07-02 17:00,3.773947561103781
2025-07-02 18:00,3.348381068073233
2025-07-02 19:00,3.033008132595733
2025-07-02 20:00,3.2678486745982127
2025-07-02 21:00,3.3317446829523676
2025-07-02 22:00,3.494966808162661
2025-07-02 23:00,4.702612824301969
2025-07-03 00:00,5.546254694522474
2025-07-03 01:00,5.84077650809923
2025-07-03 02:00,6.8465550622159865
2025-07-03 03:00,8.112768008779309
2025-07-03 04:00,8.424828810322534
2025-07-03 05:00,9.75450443576928
2025-07-03 06:00,9.832311713243048
2025-07-03 07:00,9.158491922068695
2025-07-03 08:00,8.45673765555016
2025-07-03 09:00,7.77970161386286
2025-07-03 10:00,6.858298307451908
2025-07-03 11:00,7.215709100920864
2025-07-03 12:00,7.476652199798442
2025-07-03 13:00,7.570649388560061
2025-07-03 14:00,7.665722758159295
2025-07-03 15:00,8.382729950602553
2025-07-03 16:00,10.34195930448046
2025-07-03 17:00,11.822938365668175
2025-07-03 18:00,13.21017775716723
2025-07-03 19:00,14.537881672961557
2025-07-03 20:00,15.00762638351508
2025-07-03 21:00,14.541685818120362
2025-07-03 22:00,16.703839690884628
2025-07-03 23:00,19.143148321143634
2025-07-04 00:00,21.360468967817116
2025-07-04 01:00,24.147271779823786
2025-07-04 02:00,27.084831403715366
2025-07-04 03:00,28.70248598379328
2025-07-04 04:00,29.567677683991313
2025-07-04 05:00,30.720636930410603
2025-07-04 06:00,31.153800083748003
2025-07-04 07:00,30.17192244378515
2025-07-04 08:00,28.561507872638252
2025-07-04 09:00,27.645118117835686
2025-07-04 10:00,26.063361386089827
2025-07-04 11:00,23.33507525134516
2025-07-04 12:00,22.581840826598715
2025-07-04 13:00,23.17086810775576
2025-07-04 14:00,23.52753873310278
2025-07-04 15:00,25.49945513949375
2025-07-04 16:00,28.522376627201453
2025-07-04 17:00,29.137198663768107
2025-07-04 18:00,28.933790177549763
2025-07-04 19:00,28.881992240910876
2025-07-04 20:00,27.083274445844882
2025-07-04 21:00,25.21633230700983
2025-07-04 22:00,24.372307478327873
2025-07-04 23:00,22.97263204319329
2025-07-05 00:00,21.282797202989883
2025-07-05 01:00,20.38928189950189
2025-07-05 02:00,19.771172025816632
2025-07-05 03:00,18.865326172594365
2025-07-05 04:00,19.280368989114475
2025-07-05 05:00,20.89341783541757
2025-07-05 06:00,21.175136553932237
2025-07-05 07:00,20.960652940812032
2025-07-05 08:00,20.68618434126089
2025-07-05 09:00,19.13426949110276
2025-07-05 10:00,16.216485069253153
2025-07-05 11:00,14.553801508166046
2025-07-05 12:00,13.500556286474824
2025-07-05 13:00,12.36945825425554
2025-07-05 14:00,11.591316680548257
2025-07-05 15:00,12.535725526676876
2025-07-05 16:00,14.077786029564866
2025-07-05 17:00,15.323051221890234
2025-07-05 18:00,16.603838255560323
2025-07-05 19:00,16.912957055075083
2025-07-05 20:00,15.82310533827615
2025-07-05 21:00,14.73105177843567
2025-07-05 22:00,13.607462014609677
2025-07-05 23:00,14.122863485836168
2025-07-06 00:00,15.525032558316278
2025-07-06 01:00,16.22692243567079
2025-07-06 02:00,15.98200268803819
2025-07-06 03:00,15.640693888387219
2025-07-06 04:00,13.7446014715503
2025-07-06 05:00,11.569707281160973
2025-07-06 06:00,9.524142677946237
2025-07-06 07:00,7.75735923934766
2025-07-06 08:00,6.371822134543753
2025-07-06 09:00,5.690650320011733
2025-07-06 10:00,5.000693257416059
2025-07-06 11:00,5.1471465252245805
2025-07-06 12:00,5.488850093394928
2025-07-06 13:00,5.829393668535704
2025-07-06 14:00,5.891608685802371
2025-07-06 15:00,6.103226119073548
2025-07-06 16:00,7.27921444744463
2025-07-06 17:00,8.52096489871266
2025-07-06 18:00,9.578225808850542
2025-07-06 19:00,10.435049616573258
2025-07-06 20:00,10.92534366966787
2025-07-06 21:00,10.271732938046803
2025-07-06 22:00,8.637529529161396
2025-07-06 23:00,7.14998203002863
2025-07-07 00:00,5.591159492065388
2025-07-07 01:00,4.103451267089385
2025-07-07 02:00,2.4726172068941787
2025-07-07 03:00,1.6584040757772935
2025-07-07 04:00,0.8504829187415665
2025-07-07 05:00,0.4499015778628096
2025-07-07 06:00,0.1926324438700521
2025-07-07 07:00,0.0960058646261012
2025-07-07 08:00,0.03867655861314144
2025-07-07 09:00,0.024116387635970106
2025-07-07 10:00,0.02439591725146909
2025-07-07 11:00,0.06742959328083804
2025-07-07 12:00,0.22445818056706476
2025-07-07 13:00,0.7641176742716725
2025-07-07 14:00,1.469751804958992
2025-07-07 15:00,1.8758266669090102
2025-07-07 16:00,2.108498127617289
2025-07-07 17:00,2.1867460900817193
2025-07-07 18:00,1.8267261172334028
2025-07-07 19:00,1.3662844971995114
2025-07-07 20:00,1.2632153561162653
2025-07-07 21:00,1.2348453499387892
2025-07-07 22:00,1.1664794516678048
2025-07-07 23:00,1.6099238795288824
2025-07-08 00:00,1.7155685671893406
2025-07-08 01:00,1.962774326217957
2025-07-08 02:00,1.9237679609070615
2025-07-08 03:00,1.9718427866355257
2025-07-08 04:00,1.4540622722044882
2025-07-08 05:00,1.127905850426797
2025-07-08 06:00,0.5929190626635521
2025-07-08 07:00,0.3847906580229823
2025-07-08 08:00,0.16656168581799888
2025-07-08 09:00,0.07804513660946186
2025-07-08 10:00,0.16979239782157082
2025-07-08 11:00,0.6617559450885402
2025-07-08 12:00,1.187596016435493
2025-07-08 13:00,1.8598102012429614
2025-07-08 14:00,2.6194423493802685
2025-07-08 15:00,3.4180072261952636
2025-07-08 16:00,3.4186675863047924
2025-07-08 17:00,3.3496167931898917
2025-07-08 18:00,3.4298498404054385
2025-07-08 19:00,3.4059190420713827
2025-07-08 20:00,2.6386154628505194
2025-07-08 21:00,2.1927883597681364
2025-07-08 22:00,1.7519902926531095
2025-07-08 23:00,1.0201675078308405
2025-07-09 00:00,0.2626162361316964
2025-07-09 01:00,0.16269667222470696
2025-07-09 02:00,0.13073072531131874
2025-07-09 03:00,0.14749911619345596
2025-07-09 04:00,0.15988809735714046
2025-07-09 05:00,0.19249971208158004
2025-07-09 06:00,0.1568531633200078
2025-07-09 07:00,0.17851618955370738
2025-07-09 08:00,0.16078970094244935
2025-07-09 09:00,0.17176977987988776
2025-07-09 10:00,0.21887967536527583
2025-07-09 11:00,0.34329357231188395
2025-07-09 12:00,0.6308720257359941
2025-07-09 13:00,0.9976622112030096
2025-07-09 14:00,1.2736202695384347
2025-07-09 15:00,1.680862678623286
2025-07-09 16:00,1.6276480459427538
2025-07-09 17:00,1.2928344413207011
2025-07-09 18:00,0.9149639880242273
2025-07-09 19:00,0.5950656650726479
2025-07-09 20:00,0.2932414970580616
2025-07-09 21:00,0.3265170826797027
2025-07-09 22:00,0.3302217008988144
2025-07-09 23:00,0.3753442968484427
2025-07-10 00:00,0.37935015679538125
2025-07-10 01:00,0.2562442045386085
2025-07-10 02:00,0.276921950981145
2025-07-10 03:00,0.7217467011781898
2025-07-10 04:00,1.0000303629435738
2025-07-10 05:00,1.5053953521332537
2025-07-10 06:00,1.8800739631506889
2025-07-10 07:00,2.0460398997076377
2025-07-10 08:00,2.03962572734877
2025-07-10 09:00,2.2101614151208637
2025-07-10 10:00,2.693596823388524
2025-07-10 11:00,3.2311374148321073
2025-07-10 12:00,5.0351318634439775
2025-07-10 13:00,7.194304613299795
2025-07-10 14:00,9.137345770439776
2025-07-10 15:00,11.243546007089867
2025-07-10 16:00,13.290440838150257
2025-07-10 17:00,13.101279870428101
2025-07-10 18:00,12.330371284648763
2025-07-10 19:00,12.35651194586006
2025-07-10 20:00,11.196179378265843
2025-07-10 21:00,10.527210189113285
2025-07-10 22:00,10.14407231847524
2025-07-10 23:00,10.65352859291938
2025-07-11 00:00,10.62171694317282
2025-07-11 01:00,11.175713284437428
2025-07-11 02:00,12.380558265813374
2025-07-11 03:00,14.001299468208273
2025-07-11 04:00,14.679951396749342
2025-07-11 05:00,14.427397404004688
2025-07-11 06:00,13.619181290245914
2025-07-11 07:00,11.578059894894215
2025-07-11 08:00,8.918316220978538
2025-07-11 09:00,6.728357642563684
2025-07-11 10:00,5.580424976843319
2025-07-11 11:00,4.984615195363489
2025-07-11 12:00,4.485474134430688
2025-07-11 13:00,5.481168593760922
2025-07-11 14:00,6.415184943761216
2025-07-11 15:00,7.106621484970295
2025-07-11 16:00,7.659257141956059
2025-07-11 17:00,8.836399461981882
2025-07-11 18:00,9.360146302748998
2025-07-11 19:00,8.989444041177732
2025-07-11 20:00,8.887713430649793
2025-07-11 21:00,8.872120065622571
2025-07-11 22:00,7.958964220979661
2025-07-11 23:00,6.672872922749006
2025-07-12 00:00,5.679568391847962
2025-07-12 01:00,4.747068715982729
2025-07-12 02:00,4.23848898012029
2025-07-12 03:00,3.7204431246540026
2025-07-12 04:00,3.8591766839800767
2025-07-12 05:00,3.856088739234506
2025-07-12 06:00,3.255801383082639
2025-07-12 07:00,2.168846767080413
2025-07-12 08:00,1.4366253249031369
2025-07-12 09:00,0.6299920716823919
2025-07-12 10:00,0.2886622020791256
2025-07-12 11:00,0.23926055575113914
2025-07-12 12:00,0.5633899859078643
2025-07-12 13:00,1.1670414360979753
2025-07-12 14:00,1.6855540136161467
2025-07-12 15:00,1.952045883890344
2025-07-12 16:00,2.1891051074679413
2025-07-12 17:00,1.8628925529252076
2025-07-12 18:00,1.3077901697992336
2025-07-12 19:00,0.7531159387655426
2025-07-12 20:00,0.44450495097944726
2025-07-12 21:00,0.20471360741859618
2025-07-12 22:00,0.18640789576008165
2025-07-12 23:00,0.10908118590136646
2025-07-13 00:00,0.10094760589008407
2025-07-13 01:00,0.10198028631705987
2025-07-13 02:00,0.08652189307501407
2025-07-13 03:00,0.09792371114499135
2025-07-13 04:00,0.10303488695635568
2025-07-13 05:00,0.09299161312637225
2025-07-13 06:00,0.07391302787111
2025-07-13 07:00,0.05158821530021797
2025-07-13 08:00,0.032332991501949834
2025-07-13 09:00,0.0665352665296152
2025-07-13 10:00,0.08950821898529222
2025-07-13 11:00,0.13084850001517517
2025-07-13 12:00,0.26525347871141874
2025-07-13 13:00,0.327549853714622
2025-07-13 14:00,0.3043579893165286
2025-07-13 15:00,0.3352281940462615
2025-07-13 16:00,0.4897056870122129
2025-07-13 17:00,0.5140135962098955
2025-07-13 18:00,0.6856324250411262
2025-07-13 19:00,0.9271640294453489
2025-07-13 20:00,1.2690902611535375
2025-07-13 21:00,1.384586634690437
2025-07-13 22:00,2.199784975358858
2025-07-13 23:00,3.510468356517417
2025-07-14 00:00,3.6453589857679156
2025-07-14 01:00,3.4467285249372104
2025-07-14 02:00,3.341330255338048
2025-07-14 03:00,2.6444880976274288
2025-07-14 04:00,1.1339444806287609
2025-07-14 05:00,0.7435382712956004
2025-07-14 06:00,0.8428975381638721
2025-07-14 07:00,1.0466845633718642
2025-07-14 08:00,1.1352374421088502
2025-07-14 09:00,1.6204330495161507
2025-07-14 10:00,2.3235079874563356
2025-07-14 11:00,3.5590731765924346
2025-07-14 12:00,4.523586541281705
2025-07-14 13:00,6.747524827315994
2025-07-14 14:00,11.161831944430945
2025-07-14 15:00,13.467780031747466
2025-07-14 16:00,16.10260329053296
2025-07-14 17:00,17.9216129345774
2025-07-14 18:00,16.75646357693693
2025-07-14 19:00,13.622521354002595
2025-07-14 20:00,12.894638813242612
2025-07-14 21:00,10.80171357199425
2025-07-14 22:00,9.633814411002213
2025-07-14 23:00,9.594692122382153
2025-07-15 00:00,8.97838035295506
2025-07-15 01:00,7.711892238175089
2025-07-15 02:00,7.128971145432368
2025-07-15 03:00,6.601261788384602
2025-07-15 04:00,7.245442496116034
2025-07-15 05:00,9.99879862443005
2025-07-15 06:00,13.151085214765061
2025-07-15 07:00,15.12945032785754
2025-07-15 08:00,16.322282865363768
2025-07-15 09:00,16.50430562529629
2025-07-15 10:00,15.329807012397197
2025-07-15 11:00,13.89782452888213
2025-07-15 12:00,12.72470295418958
2025-07-15 13:00,12.436701455454855
2025-07-15 14:00,12.84063229785888
2025-07-15 15:00,11.901120706553005
2025-07-15 16:00,10.62541439028833
2025-07-15 17:00,9.817867636745147
2025-07-15 18:00,9.277028035414169
2025-07-15 19:00,8.734420083850575
2025-07-15 20:00,9.835755782236696
2025-07-15 21:00,10.697518878160732
2025-07-15 22:00,11.683077222749855
2025-07-15 23:00,12.656442686031392
2025-07-16 00:00,13.529673770625227
2025-07-16 01:00,13.492186085618277
2025-07-16 02:00,14.489622814135595
2025-07-16 03:00,15.792775518311194
2025-07-16 04:00,17.219818850186243
2025-07-16 05:00,18.74145826586556
2025-07-16 06:00,20.37493119683986
2025-07-16 07:00,21.62016775148833
2025-07-16 08:00,21.875967866731933
2025-07-16 09:00,22.375870369849046
2025-07-16 10:00,23.58019141950598
2025-07-16 11:00,24.66620612742598
2025-07-16 12:00,26.901863387165385
2025-07-16 13:00,31.505236806468268
2025-07-16 14:00,35.90022124031883
2025-07-16 15:00,39.51763945330196
2025-07-16 16:00,43.036285045334296
2025-07-16 17:00,45.03438877321922
2025-07-16 18:00,45.27036751353112
2025-07-16 19:00,45.10902831133714
2025-07-16 20:00,44.88487654222011
2025-07-16 21:00,44.94925224502679
2025-07-16 22:00,43.770688784825026
2025-07-16 23:00,42.749741696524474
2025-07-17 00:00,41.38249811842822
2025-07-17 01:00,39.89043994787944
2025-07-17 02:00,38.45435213579898
2025-07-17 03:00,38.546722328616866
2025-07-17 04:00,38.55262687350456
2025-07-17 05:00,38.21105554704125
2025-07-17 06:00,38.64888576614603
2025-07-17 07:00,37.47510190672521
2025-07-17 08:00,34.76647161765969
2025-07-17 09:00,30.987746109021494
2025-07-17 10:00,26.815621165718927
2025-07-17 11:00,22.01220155139776
2025-07-17 12:00,18.261038995906052
2025-07-17 13:00,18.20289405162065
2025-07-17 14:00,20.223337354247565
2025-07-17 15:00,24.18539095194404
2025-07-17 16:00,28.575234224741724
2025-07-17 17:00,33.39282959806655
2025-07-17 18:00,36.13218509113663
2025-07-17 19:00,37.89504446547959
2025-07-17 20:00,38.417406368125505
2025-07-17 21:00,37.99718688859481
2025-07-17 22:00,38.32754862864349
2025-07-17 23:00,38.63983078766135
2025-07-18 00:00,38.92226516468537
2025-07-18 01:00,39.79445309691035
2025-07-18 02:00,39.85394373281923
2025-07-18 03:00,39.575580834968335
2025-07-18 04:00,38.76271263528453
2025-07-18 05:00,37.782429806045755
2025-07-18 06:00,35.14777902468199
2025-07-18 07:00,33.096527565072236
2025-07-18 08:00,28.23830007947921
2025-07-18 09:00,22.42442845764176
2025-07-18 10:00,16.163672135760567
2025-07-18 11:00,11.085739732060366
2025-07-18 12:00,6.669407339333243
2025-07-18 13:00,5.328697261266667
2025-07-18 14:00,5.0304890288276445
2025-07-18 15:00,5.457753895320333
2025-07-18 16:00,5.791956802342743
2025-07-18 17:00,6.522167904884462
2025-07-18 18:00,6.471719338349345
2025-07-18 19:00,7.124578821277041
2025-07-18 20:00,8.181338004680422
2025-07-18 21:00,10.287827208838186
2025-07-18 22:00,13.653993464455203
2025-07-18 23:00,17.357814096269443
2025-07-19 00:00,21.885662462488046
2025-07-19 01:00,25.864071857443662
2025-07-19 02:00,29.73813611537539
2025-07-19 03:00,31.321520121936295
2025-07-19 04:00,33.463144382971585
2025-07-19 05:00,34.31179214261133
2025-07-19 06:00,31.657849010741312
2025-07-19 07:00,28.537451301478807
2025-07-19 08:00,28.416278118197045
2025-07-19 09:00,28.750871832788324
2025-07-19 10:00,29.17155563289967
2025-07-19 11:00,32.79261654436095
2025-07-19 12:00,34.35903878416581
2025-07-19 13:00,34.69604851262274
2025-07-19 14:00,34.233331748653946
2025-07-19 15:00,34.72950461102454
2025-07-19 16:00,34.992209147608264
2025-07-19 17:00,37.18876469425811
2025-07-19 18:00,38.48479179745924
2025-07-19 19:00,36.59859928079619
2025-07-19 20:00,34.50214094925397
2025-07-19 21:00,33.02106142539138
2025-07-19 22:00,29.386150844233576
2025-07-19 23:00,25.297541382652255
2025-07-20 00:00,22.953487630756296
2025-07-20 01:00,21.315413398697316
2025-07-20 02:00,20.66820976007665
2025-07-20 03:00,21.149822777768158
2025-07-20 04:00,22.79372544968043
2025-07-20 05:00,25.546552281987964
2025-07-20 06:00,25.696141516738614
2025-07-20 07:00,23.969195967790498
2025-07-20 08:00,21.705991360003814
2025-07-20 09:00,18.108692681336926
2025-07-20 10:00,14.260090056598045
2025-07-20 11:00,11.46016282254843
2025-07-20 12:00,9.216420556225767
2025-07-20 13:00,8.52080742774759
2025-07-20 14:00,7.871448504545009
2025-07-20 15:00,7.279364053153304
2025-07-20 16:00,7.163642172850638
2025-07-20 17:00,7.308535717119294
2025-07-20 18:00,7.703737188987526
2025-07-20 19:00,8.803677847102538
2025-07-20 20:00,11.362244188383906
2025-07-20 21:00,13.308198098611744
2025-07-20 22:00,15.715338836320546
2025-07-20 23:00,17.886303607298537
2025-07-21 00:00,19.34357601429578
2025-07-21 01:00,18.963916104272027
2025-07-21 02:00,18.56045070245703
2025-07-21 03:00,17.930389054303443
2025-07-21 04:00,16.839774894730446
2025-07-21 05:00,16.142333395113575
2025-07-21 06:00,15.959647953758921
2025-07-21 07:00,14.845058637786845
2025-07-21 08:00,13.799584649251505
2025-07-21 09:00,12.432795113139285
2025-07-21 10:00,9.973545160980704
2025-07-21 11:00,7.905377262417713
2025-07-21 12:00,6.978095321554588
2025-07-21 13:00,4.920138589714783
2025-07-21 14:00,3.635224792557046
2025-07-21 15:00,3.9153123363343525
2025-07-21 16:00,3.1165831470336176
2025-07-21 17:00,2.4843343572434904
2025-07-21 18:00,2.901908256502556
2025-07-21 19:00,3.191090595511338
2025-07-21 20:00,2.7892704093451943
2025-07-21 21:00,2.8853645792454237
2025-07-21 22:00,2.983148288938186
2025-07-21 23:00,2.7968605346973012
2025-07-22 00:00,2.9415736384956537
2025-07-22 01:00,3.191449972779155
2025-07-22 02:00,3.213369385447348
2025-07-22 03:00,3.249249424766666
2025-07-22 04:00,3.0733431751726923
2025-07-22 05:00,2.3010557716270226
2025-07-22 06:00,1.5469772880096357
2025-07-22 07:00,1.1716834890047019
2025-07-22 08:00,0.8721345899347824
2025-07-22 09:00,0.6985831336481121
2025-07-22 10:00,0.8906636389210885
2025-07-22 11:00,1.298334494371675
2025-07-22 12:00,1.8650700402576597
2025-07-22 13:00,2.0850185889625648
2025-07-22 14:00,2.1934368846013976
2025-07-22 15:00,2.1693397464515614
2025-07-22 16:00,1.9570512444226682
2025-07-22 17:00,1.4912846711330878
2025-07-22 18:00,1.2327278723455257
2025-07-22 19:00,0.9689116823845062
2025-07-22 20:00,0.7116107485161656
2025-07-22 21:00,0.48186056114682085
2025-07-22 22:00,0.2606403058323787
2025-07-22 23:00,0.07013610341650092
2025-07-23 00:00,0.019047603298089827
2025-07-23 01:00,0.02222185959882478
2025-07-23 02:00,0.009320092839407136
2025-07-23 03:00,0.013478465864462202
2025-07-23 04:00,0.012400515524287527
2025-07-23 05:00,0.015367379763728598
2025-07-23 06:00,0.015186633592330323
2025-07-23 07:00,0.018055372697034146
2025-07-23 08:00,0.02860426724848857
2025-07-23 09:00,0.04483620659718447
2025-07-23 10:00,0.05063050423237704
2025-07-23 11:00,0.14330507667221534
2025-07-23 12:00,0.6584843707629602
2025-07-23 13:00,1.2667104892120438
2025-07-23 14:00,1.9602704951077423
2025-07-23 15:00,2.6183071507716185
2025-07-23 16:00,2.993794482075614
2025-07-23 17:00,3.0698606318938886
2025-07-23 18:00,2.7981310129285273
2025-07-23 19:00,2.3769337953582856
2025-07-23 20:00,1.8081058063062414
2025-07-23 21:00,1.3845874110733347
2025-07-23 22:00,0.7944868201700246
2025-07-23 23:00,0.4612479686384269
2025-07-24 00:00,0.1864777863308765
2025-07-24 01:00,0.09636072153108081
2025-07-24 02:00,0.061983647032307077
2025-07-24 03:00,0.06400985350802878
2025-07-24 04:00,0.05555280528184683
2025-07-24 05:00,0.04638121937886066
2025-07-24 06:00,0.04751019655270414
2025-07-24 07:00,0.04025926516308921
2025-07-24 08:00,0.03633374026035032
2025-07-24 09:00,0.034869338865365376
2025-07-24 10:00,0.03893994196209995
2025-07-24 11:00,0.21253450942330043
2025-07-24 12:00,0.8594132252747823
2025-07-24 13:00,2.0212116133569262
2025-07-24 14:00,3.4109112418075673
2025-07-24 15:00,4.6069700632380215
2025-07-24 16:00,5.401588079350273
2025-07-24 17:00,5.271292928382106
2025-07-24 18:00,4.747327277889058
2025-07-24 19:00,3.753555686000785
2025-07-24 20:00,2.663781999297272
2025-07-24 21:00,1.7337081250855053
2025-07-24 22:00,1.2413768512977847
2025-07-24 23:00,0.6271915930543044
2025-07-25 00:00,0.23645988904435736
2025-07-25 01:00,0.1439018045522707
2025-07-25 02:00,0.10076270601122383
2025-07-25 03:00,0.06880815119576107
2025-07-25 04:00,0.04419380614675589
2025-07-25 05:00,0.0554560464896142
2025-07-25 06:00,0.04898042629634545
2025-07-25 07:00,0.05468509258434353
2025-07-25 08:00,0.07480801165864306
2025-07-25 09:00,0.11179503167411213
2025-07-25 10:00,0.14349385611076063
2025-07-25 11:00,0.21045791427178026
2025-07-25 12:00,0.31310418019295766
2025-07-25 13:00,1.0769224634035024
2025-07-25 14:00,1.772310957847721
2025-07-25 15:00,2.37990680971345
2025-07-25 16:00,2.714645028475994
2025-07-25 17:00,2.9461963631233763
2025-07-25 18:00,2.250302363059298
2025-07-25 19:00,1.5431811913284517
2025-07-25 20:00,0.9049348083472564
2025-07-25 21:00,0.5653225020068497
2025-07-25 22:00,0.23682381929785906
2025-07-25 23:00,0.22531346650829148
2025-07-26 00:00,0.3216477813571318
2025-07-26 01:00,0.6963452927690863
2025-07-26 02:00,0.8796881727643466
2025-07-26 03:00,1.0560551207165196
2025-07-26 04:00,1.307361820795272
2025-07-26 05:00,1.4857964424355001
2025-07-26 06:00,1.5260991303877809
2025-07-26 07:00,1.9150167837443548
2025-07-26 08:00,2.3987350264475853
2025-07-26 09:00,2.867070262926447
2025-07-26 10:00,3.35243478628581
2025-07-26 11:00,3.745020566397261
2025-07-26 12:00,4.521013612418109
2025-07-26 13:00,4.485815914096127
2025-07-26 14:00,5.090270063252788
2025-07-26 15:00,6.077719199234093
2025-07-26 16:00,6.597410418630949
2025-07-26 17:00,6.1214311413283315
2025-07-26 18:00,6.53513271764979
2025-07-26 19:00,5.914839799474807
2025-07-26 20:00,5.357847228019957
2025-07-26 21:00,4.898057078939554
2025-07-26 22:00,4.643536207724107
2025-07-26 23:00,4.81142981839456
2025-07-27 00:00,5.064149805790967
2025-07-27 01:00,4.830125252554173
2025-07-27 02:00,5.3582951220444714
2025-07-27 03:00,5.799097061889933
2025-07-27 04:00,5.859793717632212
2025-07-27 05:00,5.09993648580776
2025-07-27 06:00,4.497239043584777
2025-07-27 07:00,3.480499008750038
2025-07-27 08:00,2.661503602402326
2025-07-27 09:00,1.5834616524657603
2025-07-27 10:00,1.4920063957300669
2025-07-27 11:00,1.444296477242959
2025-07-27 12:00,1.2070105591190583
2025-07-27 13:00,2.002581097915757
2025-07-27 14:00,2.439623191713992
2025-07-27 15:00,2.710777263375384
2025-07-27 16:00,2.570217478878617
2025-07-27 17:00,2.445122064132115
2025-07-27 18:00,1.3761319666518896
2025-07-27 19:00,0.7390265313437044
2025-07-27 20:00,0.3289522032327017
2025-07-27 21:00,0.13562870172167596
2025-07-27 22:00,0.09725914846671177
2025-07-27 23:00,0.10267060442824938
2025-07-28 00:00,0.11758379755155635
2025-07-28 01:00,0.10236085698148163
2025-07-28 02:00,0.10290550642149607
2025-07-28 03:00,0.1056960716658619
2025-07-28 04:00,0.08326319312934297
2025-07-28 05:00,0.06392589102116288
2025-07-28 06:00,0.03584241683341048
2025-07-28 07:00,0.04535982478883729
2025-07-28 08:00,0.05231157023513537
2025-07-28 09:00,0.04874856629784617
2025-07-28 10:00,0.20949163599804557
2025-07-28 11:00,0.6323086026416638
2025-07-28 12:00,1.3070947087874525
2025-07-28 13:00,2.0128801806581422
2025-07-28 14:00,2.8177597382614428
2025-07-28 15:00,3.295941140684344
2025-07-28 16:00,3.164641177203161
2025-07-28 17:00,3.030732118947346
2025-07-28 18:00,2.7298937587960483
2025-07-28 19:00,2.3145012227750956
2025-07-28 20:00,1.9770464026383732
2025-07-28 21:00,1.787028325361303
2025-07-28 22:00,1.2734309946772397
2025-07-28 23:00,0.8679449607826497
2025-07-29 00:00,0.4668850591335703
2025-07-29 01:00,0.1899985130638876
2025-07-29 02:00,0.09059206113103906
2025-07-29 03:00,0.053582045811288795
2025-07-29 04:00,0.05839481529268581
2025-07-29 05:00,0.0464161282779526
2025-07-29 06:00,0.03824950537988673
2025-07-29 07:00,0.10188106360930745
2025-07-29 08:00,0.1086752525899248
2025-07-29 09:00,0.0917096206950049
2025-07-29 10:00,0.09164024543480842
2025-07-29 11:00,0.0751888919512354
2025-07-29 12:00,0.08394921927835383
2025-07-29 13:00,0.8575176361731348
2025-07-29 14:00,1.3426080862731253
2025-07-29 15:00,1.476495517253094
2025-07-29 16:00,1.5318721968387723
2025-07-29 17:00,1.5302892164445
2025-07-29 18:00,0.8045994584236318
2025-07-29 19:00,0.3175520509738345
2025-07-29 20:00,0.18419717088708776
2025-07-29 21:00,0.14605050684407084
2025-07-29 22:00,0.08421990104076071
2025-07-29 23:00,0.046962456007236295
2025-07-30 00:00,0.046962456007236295
2025-07-30 01:00,0.04647790596617741
2025-07-30 02:00,0.030483894005256494
2025-07-30 03:00,0.019480095406724896
2025-07-30 04:00,0.0026340856764992303
2025-07-30 05:00,0.004350652957341786
2025-07-30 06:00,0.004857213287836994
2025-07-30 07:00,0.008423909320510509
2025-07-30 08:00,0.0177339052028238
2025-07-30 09:00,0.02855145518885004
2025-07-30 10:00,0.035664411998172246
2025-07-30 11:00,0.2243904452706454
2025-07-30 12:00,0.47208602340374756
2025-07-30 13:00,0.6693847645364936
2025-07-30 14:00,0.9995277700343108
2025-07-30 15:00,1.4464178938827623
2025-07-30 16:00,1.6682609087687243
2025-07-30 17:00,2.1927591221065454
2025-07-30 18:00,3.1295982796204314
2025-07-30 19:00,4.325673843141045
2025-07-30 20:00,4.885006053811863
2025-07-30 21:00,5.47823837575073
2025-07-30 22:00,5.97549004542091
2025-07-30 23:00,6.1905816373871705
2025-07-31 00:00,5.716519576104982
2025-07-31 01:00,5.338252094475284
2025-07-31 02:00,4.736798949337349
2025-07-31 03:00,3.6271872463733628
2025-07-31 04:00,2.4275331520936674
2025-07-31 05:00,1.4659235187244999
2025-07-31 06:00,0.9577140483758322
2025-07-31 07:00,0.9073482822075437
2025-07-31 08:00,1.1789393053416664
2025-07-31 09:00,1.4733301341056677
2025-07-31 10:00,1.7769165229693034
2025-07-31 11:00,2.0222705262342764
2025-07-31 12:00,2.033182489377457
2025-07-31 13:00,2.0719639570690562
2025-07-31 14:00,2.155686276527494
2025-07-31 15:00,2.6992724718945613
2025-07-31 16:00,2.6484236392610017
2025-07-31 17:00,2.7508200789571355
2025-07-31 18:00,2.4035025814640956
2025-07-31 19:00,1.9988152760603828
2025-07-31 20:00,1.2630465748295514
2025-07-31 21:00,1.012684264505169
2025-07-31 22:00,0.5649993474274203
2025-07-31 23:00,0.4491530482188626
2025-08-01 00:00,0.34805162478154267
2025-08-01 01:00,0.13522448647791788
2025-08-01 02:00,0.06670723593008479
2025-08-01 03:00,0.04854673019478192
2025-08-01 04:00,0.06473963594780835
2025-08-01 05:00,0.041862933940030746
2025-08-01 06:00,0.05209657780337673
2025-08-01 07:00,0.060524945677976415
2025-08-01 08:00,0.07353887714677068
2025-08-01 09:00,0.051258759464175685
2025-08-01 10:00,0.04265911573192442
2025-08-01 11:00,0.06997376410861471
2025-08-01 12:00,0.14718690188069722
2025-08-01 13:00,0.5281422092148915
2025-08-01 14:00,0.7839761829044907
2025-08-01 15:00,1.1795510966760911
2025-08-01 16:00,1.2389334076632765
2025-08-01 17:00,1.1874013900179756
2025-08-01 18:00,0.8137511616715785
2025-08-01 19:00,0.5670201352386898
2025-08-01 20:00,0.17144522146708935
2025-08-01 21:00,0.07388976606672706
2025-08-01 22:00,0.07123661294775607
2025-08-01 23:00,0.07774832156862851
2025-08-02 00:00,0.1103930547502526
2025-08-02 01:00,0.1367397532107233
2025-08-02 02:00,0.1614345353804269
2025-08-02 03:00,0.15608700415269997
2025-08-02 04:00,0.13549753849819252
2025-08-02 05:00,0.08799191807376942
2025-08-02 06:00,0.06771139920298945
2025-08-02 07:00,0.049674677859441005
2025-08-02 08:00,0.0289431981660239
2025-08-02 09:00,0.022995334839298796
2025-08-02 10:00,0.02526433882007284
2025-08-02 11:00,0.03431138237635273
2025-08-02 12:00,0.17843337178423233
2025-08-02 13:00,0.49754181659589847
2025-08-02 14:00,0.5892363754981715
2025-08-02 15:00,0.6857382687561933
2025-08-02 16:00,0.7609192449984922
2025-08-02 17:00,0.6308814813089911
2025-08-02 18:00,0.3356817541105423
2025-08-02 19:00,0.2507138063295762
2025-08-02 20:00,0.16199757799859044
2025-08-02 21:00,0.08645661630604692
2025-08-02 22:00,0.1002973539434991
2025-08-02 23:00,0.09527629503866389
2025-08-03 00:00,0.10600653830158566
2025-08-03 01:00,0.11842500520618873
2025-08-03 02:00,0.10489046581979303
2025-08-03 03:00,0.09235724100457529
2025-08-03 04:00,0.10272972006942246
2025-08-03 05:00,0.09286373553677246
2025-08-03 06:00,0.08017113461654923
2025-08-03 07:00,0.0928594338492067
2025-08-03 08:00,0.0868980627729419
2025-08-03 09:00,0.049411319695252406
2025-08-03 10:00,0.1647087639121489
2025-08-03 11:00,0.45918122842014586
2025-08-03 12:00,0.7069032259701444
2025-08-03 13:00,0.9588195258919632
2025-08-03 14:00,1.1945758619568054
2025-08-03 15:00,1.2740482550543366
2025-08-03 16:00,1.2880740867107812
2025-08-03 17:00,1.3091175751469089
2025-08-03 18:00,1.932373501604392
2025-08-03 19:00,3.667244011281704
2025-08-03 20:00,6.041063420211854
2025-08-03 21:00,11.3698823123842
2025-08-03 22:00,18.241170182650016
2025-08-03 23:00,25.287971285432597
2025-08-04 00:00,30.864183593531845
2025-08-04 01:00,35.545860405539095
2025-08-04 02:00,37.000809015665205
2025-08-04 03:00,36.83212178725101
2025-08-04 04:00,34.8215114477844
2025-08-04 05:00,32.59684930925615
2025-08-04 06:00,30.863243030362394
2025-08-04 07:00,29.155308194677094
2025-08-04 08:00,27.675367333410975
2025-08-04 09:00,26.846215981529177
2025-08-04 10:00,27.24618171711989
2025-08-04 11:00,27.407205968172764
2025-08-04 12:00,27.553078021158615
2025-08-04 13:00,28.08569155720868
2025-08-04 14:00,29.2075269864649
2025-08-04 15:00,29.754332611118457
2025-08-04 16:00,30.663805206934438
2025-08-04 17:00,31.178513532056336
2025-08-04 18:00,29.69906319433816
2025-08-04 19:00,25.94000489506862
2025-08-04 20:00,21.786981199733386
2025-08-04 21:00,16.359316747364748
2025-08-04 22:00,10.423322877402438
2025-08-04 23:00,5.891980494479568
2025-08-05 00:00,3.44079916140958
2025-08-05 01:00,1.374457529447835
2025-08-05 02:00,0.23187385416125195
2025-08-05 03:00,0.18695500180525615
2025-08-05 04:00,0.2890737345442944
2025-08-05 05:00,0.35874850394123914
2025-08-05 06:00,0.35860427761897273
2025-08-05 07:00,0.8795667309817127
2025-08-05 08:00,1.3065496155613254
2025-08-05 09:00,1.8389672770707968
2025-08-05 10:00,3.0537792414003713
2025-08-05 11:00,4.416699847901604
2025-08-05 12:00,5.489252631323515
2025-08-05 13:00,8.235946580552971
2025-08-05 14:00,12.672851688051244
2025-08-05 15:00,16.46532643743877
2025-08-05 16:00,21.042041319323477
2025-08-05 17:00,26.3073961002245
2025-08-05 18:00,30.068286511093483
2025-08-05 19:00,31.99926974846761
2025-08-05 20:00,33.61637600680886
2025-08-05 21:00,34.90893047108391
2025-08-05 22:00,34.73668138837743
2025-08-05 23:00,34.088432645074604
2025-08-06 00:00,33.33355299953935
2025-08-06 01:00,32.82114462540265
2025-08-06 02:00,31.465377922068694
2025-08-06 03:00,30.53906995745309
2025-08-06 04:00,30.689689912779045
2025-08-06 05:00,31.37641695486233
2025-08-06 06:00,31.63215048595207
2025-08-06 07:00,32.09015703346627
2025-08-06 08:00,32.98480975149539
2025-08-06 09:00,33.052446832347584
2025-08-06 10:00,32.89338496214669
2025-08-06 11:00,32.9254888858835
2025-08-06 12:00,33.526807205284115
2025-08-06 13:00,33.836960986502234
2025-08-06 14:00,34.092510143751255
2025-08-06 15:00,33.87013072036554
2025-08-06 16:00,33.89325373625579
2025-08-06 17:00,31.9052431653027
2025-08-06 18:00,28.863269129004543
2025-08-06 19:00,25.02858428811955
2025-08-06 20:00,20.171741093075987
2025-08-06 21:00,14.901978960528684
2025-08-06 22:00,11.647998576835437
2025-08-06 23:00,8.964138592798756
2025-08-07 00:00,6.89401014983751
2025-08-07 01:00,5.933091841814994
2025-08-07 02:00,5.383354931291622
2025-08-07 03:00,3.9728541191591433
2025-08-07 04:00,2.9251199842467273
2025-08-07 05:00,2.3069152015822434
2025-08-07 06:00,1.7337994072858058
2025-08-07 07:00,1.2269773314623036
2025-08-07 08:00,1.1819797965566479
2025-08-07 09:00,1.4428390276094625
2025-08-07 10:00,1.776785559336097
2025-08-07 11:00,2.226038703726049
2025-08-07 12:00,2.5031491224554197
2025-08-07 13:00,2.8266036727622024
2025-08-07 14:00,2.979967227910975
2025-08-07 15:00,2.9271676123563903
2025-08-07 16:00,2.5220131793579523
2025-08-07 17:00,2.1792349975616547
2025-08-07 18:00,1.6071105089964952
2025-08-07 19:00,1.0007149108819533
2025-08-07 20:00,0.46675780097294384
2025-08-07 21:00,0.31509855919694274
2025-08-07 22:00,0.3601036222159384
2025-08-07 23:00,0.4929058206604585
2025-08-08 00:00,0.7145133853677602
2025-08-08 01:00,0.8012343600574752
2025-08-08 02:00,0.8039086404643285
2025-08-08 03:00,0.6660597970728469
2025-08-08 04:00,0.5286553214928459
2025-08-08 05:00,0.30573320897759826
2025-08-08 06:00,0.16093664627393647
2025-08-08 07:00,0.07671627200912359
2025-08-08 08:00,0.05863336931092459
2025-08-08 09:00,0.022856713162165178
2025-08-08 10:00,0.021080427293226036
2025-08-08 11:00,0.12408431468787824
2025-08-08 12:00,0.30665614897931703
2025-08-08 13:00,0.49984713146984905
2025-08-08 14:00,0.7130229210533914
2025-08-08 15:00,0.7963897211193578
2025-08-08 16:00,0.8118223863270775
2025-08-08 17:00,0.6619332614467629
2025-08-08 18:00,0.477529655104603
2025-08-08 19:00,0.2643538655210607
2025-08-08 20:00,0.16725446350868936
2025-08-08 21:00,0.05782099461769874
2025-08-08 22:00,0.025138285206574497
2025-08-08 23:00,0.01638153849403094
2025-08-09 00:00,0.024219829658911184
2025-08-09 01:00,0.07253344479146748
2025-08-09 02:00,0.08418812035997503
2025-08-09 03:00,0.13051936867013486
2025-08-09 04:00,0.1932125375278707
2025-08-09 05:00,0.1971763381711093
2025-08-09 06:00,0.24692569982201662
2025-08-09 07:00,0.3151435503993462
2025-08-09 08:00,0.5570219566177753
2025-08-09 09:00,0.7816824554452289
2025-08-09 10:00,1.22480147440002
2025-08-09 11:00,2.256582980797367
2025-08-09 12:00,4.369220564776309
2025-08-09 13:00,7.267642773893241
2025-08-09 14:00,11.05328251256272
2025-08-09 15:00,15.784032659583835
2025-08-09 16:00,18.86861969600405
2025-08-09 17:00,20.185099483019606
2025-08-09 18:00,20.200952949187375
2025-08-09 19:00,19.074917206376924
2025-08-09 20:00,16.907138099074626
2025-08-09 21:00,15.591606469964253
2025-08-09 22:00,14.965093921193017
2025-08-09 23:00,14.481041596193682
2025-08-10 00:00,14.48302321400693
2025-08-10 01:00,14.63262615836847
2025-08-10 02:00,15.143507943519296
2025-08-10 03:00,16.02738867360207
2025-08-10 04:00,17.290911129142405
2025-08-10 05:00,18.644007331753293
2025-08-10 06:00,20.24194948670647
2025-08-10 07:00,21.559072318753948
2025-08-10 08:00,22.054596763047492
2025-08-10 09:00,21.552564350546408
2025-08-10 10:00,20.1396623066892
2025-08-10 11:00,17.438072128082137
2025-08-10 12:00,14.635277785202822
2025-08-10 13:00,12.827573611464604
2025-08-10 14:00,11.053662796395496
2025-08-10 15:00,9.390149510058594
2025-08-10 16:00,8.165392052244021
2025-08-10 17:00,6.778644749930069
2025-08-10 18:00,4.7187260896601
2025-08-10 19:00,3.4207885557978424
2025-08-10 20:00,2.4232708857050715
2025-08-10 21:00,1.6902963769910926
2025-08-10 22:00,1.1681171857591641
2025-08-10 23:00,0.7898892870237357
2025-08-11 00:00,0.4037620332711803
2025-08-11 01:00,0.19801025025578642
2025-08-11 02:00,0.12223003233439642
2025-08-11 03:00,0.11748916853991223
2025-08-11 04:00,0.1465806115881371
2025-08-11 05:00,0.14595435304731524
2025-08-11 06:00,0.13435524784429018
2025-08-11 07:00,0.1470240599806447
2025-08-11 08:00,0.18157932414747271
2025-08-11 09:00,0.26502479063361617
2025-08-11 10:00,0.973390536085485
2025-08-11 11:00,1.3905488564208763
2025-08-11 12:00,2.0512325987092215
2025-08-11 13:00,4.069532043919917
2025-08-11 14:00,5.719213943796532
2025-08-11 15:00,7.218881197784048
2025-08-11 16:00,8.452718192471682
2025-08-11 17:00,9.191764283955191
2025-08-11 18:00,8.291161476537091
2025-08-11 19:00,7.6867934928460615
2025-08-11 20:00,6.2109778224825565
2025-08-11 21:00,4.7802671229436875
2025-08-11 22:00,3.3521279764716736
2025-08-11 23:00,2.2063526993518368
2025-08-12 00:00,1.0604230112795316
2025-08-12 01:00,0.4589082107554975
2025-08-12 02:00,0.2893734697421787
2025-08-12 03:00,0.3385803284610475
2025-08-12 04:00,0.8087263190206138
2025-08-12 05:00,1.154172274773932
2025-08-12 06:00,1.069764353689461
2025-08-12 07:00,1.2530498055042005
2025-08-12 08:00,1.6561161238735966
2025-08-12 09:00,1.748408031848394
2025-08-12 10:00,1.8630236625694265
2025-08-12 11:00,2.935580591756196
2025-08-12 12:00,5.282914036396529
2025-08-12 13:00,7.295222447679637
2025-08-12 14:00,9.015528969981263
2025-08-12 15:00,12.328380940116984
2025-08-12 16:00,15.149407747318344
2025-08-12 17:00,16.44470559001631
2025-08-12 18:00,18.585369320755078
2025-08-12 19:00,20.152850726050108
2025-08-12 20:00,20.877736048555523
2025-08-12 21:00,21.81805780976998
2025-08-12 22:00,24.278997846770825
2025-08-12 23:00,26.238082371124165
2025-08-13 00:00,28.581397336475952
2025-08-13 01:00,30.51763772411622
2025-08-13 02:00,33.68232023611817
2025-08-13 03:00,35.82827663844557
2025-08-13 04:00,37.55752634969193
2025-08-13 05:00,40.56239796709873
2025-08-13 06:00,42.29015855297529
2025-08-13 07:00,41.89284836240607
2025-08-13 08:00,40.563901747387284
2025-08-13 09:00,39.60225785405322
2025-08-13 10:00,37.45681905816081
2025-08-13 11:00,36.24072357547182
2025-08-13 12:00,35.6284703620305
2025-08-13 13:00,35.46738683638377
2025-08-13 14:00,35.29043867515411
2025-08-13 15:00,34.92397661664306
2025-08-13 16:00,34.19307368066363
2025-08-13 17:00,32.634416939623875
2025-08-13 18:00,30.669142366318567
2025-08-13 19:00,28.331427896481785
2025-08-13 20:00,26.7591567022776
2025-08-13 21:00,25.23406132548317
2025-08-13 22:00,25.41560863464084
2025-08-13 23:00,25.679649401702743
2025-08-14 00:00,25.09499287715981
2025-08-14 01:00,23.973441888237943
2025-08-14 02:00,23.36212238161682
2025-08-14 03:00,21.198366446764357
2025-08-14 04:00,18.973806995153712
2025-08-14 05:00,18.06311714487984
2025-08-14 06:00,16.967035105182156
2025-08-14 07:00,14.51498996135308
2025-08-14 08:00,12.421314892507276
2025-08-14 09:00,10.759719953869993
2025-08-14 10:00,8.663768296972975
2025-08-14 11:00,6.458494994080131
2025-08-14 12:00,5.570625225139403
2025-08-14 13:00,5.109911415860873
2025-08-14 14:00,4.592285333348559
2025-08-14 15:00,4.545025838124036
2025-08-14 16:00,4.519574930367544
2025-08-14 17:00,4.22195336363628
2025-08-14 18:00,3.8810558658142726
2025-08-14 19:00,3.133978585384188
2025-08-14 20:00,2.0873270396182777
2025-08-14 21:00,1.4301612524857883
2025-08-14 22:00,0.9721705809728942
2025-08-14 23:00,0.3568965650172211
2025-08-15 00:00,0.2269503250658556
2025-08-15 01:00,0.14636840514693716
2025-08-15 02:00,0.1715650436849283
2025-08-15 03:00,0.20796291089859018
2025-08-15 04:00,0.24534565194934294
2025-08-15 05:00,0.2538986954878931
2025-08-15 06:00,0.19901653790729115
2025-08-15 07:00,0.14253312275665908
2025-08-15 08:00,0.08919032523008016
2025-08-15 09:00,0.10657295273985994
2025-08-15 10:00,0.18838617769062221
2025-08-15 11:00,0.5920048173286094
2025-08-15 12:00,0.9457343281965589
2025-08-15 13:00,1.3248323418924965
2025-08-15 14:00,1.7122036084995926
2025-08-15 15:00,1.8706673606053434
2025-08-15 16:00,1.89246480144023
2025-08-15 17:00,1.5905425390851822
2025-08-15 18:00,1.2099808170685864
2025-08-15 19:00,0.7628482425299118
2025-08-15 20:00,0.5141675108981251
2025-08-15 21:00,0.07880058042154005
2025-08-15 22:00,0.025299869007314114
2025-08-15 23:00,0.03297972760093538
2025-08-16 00:00,0.033021641209448935
2025-08-16 01:00,0.011601119090210998
2025-08-16 02:00,0.012936919202172905
2025-08-16 03:00,0.03542683681840031
2025-08-16 04:00,0.07564909585301158
2025-08-16 05:00,0.0823012345198473
2025-08-16 06:00,0.08921219909529282
2025-08-16 07:00,0.0900972888624481
2025-08-16 08:00,0.0684597283436004
2025-08-16 09:00,0.04003922634963729
2025-08-16 10:00,0.13835161175986257
2025-08-16 11:00,0.4624398613253614
2025-08-16 12:00,0.8957014975121794
2025-08-16 13:00,1.4004790370215034
2025-08-16 14:00,1.6931756968923737
2025-08-16 15:00,1.9170353865190755
2025-08-16 16:00,1.6811891591893022
2025-08-16 17:00,1.3029828106560921
2025-08-16 18:00,0.8056001688944351
2025-08-16 19:00,0.5094764084790195
2025-08-16 20:00,0.20365628975247924
2025-08-16 21:00,0.14421119144522704
2025-08-16 22:00,0.10086145754896561
2025-08-16 23:00,0.11562274420493494
2025-08-17 00:00,0.1638975105966864
2025-08-17 01:00,0.39494257011503253
2025-08-17 02:00,0.4592053491694286
2025-08-17 03:00,0.5261981622454034
2025-08-17 04:00,0.6205223442643892
2025-08-17 05:00,0.5804961916191901
2025-08-17 06:00,0.3355727171934998
2025-08-17 07:00,0.2376454993506849
2025-08-17 08:00,0.1567589517984972
2025-08-17 09:00,0.05552017766799426
2025-08-17 10:00,0.07912829114238373
2025-08-17 11:00,0.1810475023228182
2025-08-17 12:00,0.39954254367098124
2025-08-17 13:00,0.6634063457032825
2025-08-17 14:00,0.760685970884871
2025-08-17 15:00,0.8468857462643683
2025-08-17 16:00,0.8562740085677959
2025-08-17 17:00,0.6768248881209913
2025-08-17 18:00,0.44289076754162887
2025-08-17 19:00,0.409668626219778
2025-08-17 20:00,0.28471870837843904
2025-08-17 21:00,0.20088800258847792
2025-08-17 22:00,0.168437535223197
2025-08-17 23:00,0.17523285499346483
2025-08-18 00:00,0.15003141602025863
2025-08-18 01:00,0.19284106843081655
2025-08-18 02:00,0.21207242511944538
2025-08-18 03:00,0.2531986333969588
2025-08-18 04:00,0.23789780047011563
2025-08-18 05:00,0.2036342814210675
2025-08-18 06:00,0.19327785025744904
2025-08-18 07:00,0.18038978550557766
2025-08-18 08:00,0.22427989881820504
2025-08-18 09:00,0.38896126528114683
2025-08-18 10:00,0.5038196036043882
2025-08-18 11:00,0.5950692752287196
2025-08-18 12:00,0.8611082892203867
2025-08-18 13:00,1.3966988126227957
2025-08-18 14:00,1.6105761225512367
2025-08-18 15:00,1.7708562238776924
2025-08-18 16:00,1.8749916035147662
2025-08-18 17:00,1.6667465885805641
2025-08-18 18:00,1.0609488607583215
2025-08-18 19:00,0.7332759910300088
2025-08-18 20:00,0.6647680373928582
2025-08-18 21:00,0.6664956468239375
2025-08-18 22:00,0.8094052894254637
2025-08-18 23:00,1.2972516698853422
2025-08-19 00:00,1.6342482669673086
2025-08-19 01:00,1.8356729733825745
2025-08-19 02:00,2.0952771072671204
2025-08-19 03:00,2.3051129290771533
2025-08-19 04:00,2.3721911793328103
2025-08-19 05:00,2.375128825518514
2025-08-19 06:00,2.720396010639763
2025-08-19 07:00,2.7614576679308174
2025-08-19 08:00,3.090713962550871
2025-08-19 09:00,3.094192738995324
2025-08-19 10:00,3.5015923243947626
2025-08-19 11:00,3.8012572037902372
2025-08-19 12:00,4.211903016262503
2025-08-19 13:00,4.376765111306294
2025-08-19 14:00,4.785847489831317
2025-08-19 15:00,4.724334815564963
2025-08-19 16:00,4.254332334925155
2025-08-19 17:00,3.6516367168177295
2025-08-19 18:00,2.825862902513856
2025-08-19 19:00,1.9480808115895907
2025-08-19 20:00,1.3401771965661635
2025-08-19 21:00,0.9511244014749252
2025-08-19 22:00,0.7688401819870326
2025-08-19 23:00,0.8838123354885564
2025-08-20 00:00,0.9468797547714086
2025-08-20 01:00,1.091947150852587
2025-08-20 02:00,1.2492033050896914
2025-08-20 03:00,1.4760310270520685
2025-08-20 04:00,1.6980863386859473
2025-08-20 05:00,1.7436939222719765
2025-08-20 06:00,1.885337818941315
2025-08-20 07:00,2.107062836454861
2025-08-20 08:00,2.4819346994016973
2025-08-20 09:00,3.096059726838989
2025-08-20 10:00,3.905481949600677
2025-08-20 11:00,4.447768757050914
2025-08-20 12:00,4.757975327502442
2025-08-20 13:00,4.957059841861575
2025-08-20 14:00,4.69882220778784
2025-08-20 15:00,3.97980129236565
2025-08-20 16:00,3.1550190451348206
2025-08-20 17:00,2.2802920945977583
2025-08-20 18:00,1.3135523458920582
2025-08-20 19:00,0.5151506224348925
2025-08-20 20:00,0.21826357154383452
2025-08-20 21:00,0.08963677849249
2025-08-20 22:00,0.06212299392800478
2025-08-20 23:00,0.09550958304194482
2025-08-21 00:00,0.12230035262374032
2025-08-21 01:00,0.18213403227255842
2025-08-21 02:00,0.19095717422746686
2025-08-21 03:00,0.21722849686284432
2025-08-21 04:00,0.19431593160484134
2025-08-21 05:00,0.17288037279597662
2025-08-21 06:00,0.096845205035814
2025-08-21 07:00,0.07620854964450453
2025-08-21 08:00,0.08062237841552726
2025-08-21 09:00,0.07305351794351296
2025-08-21 10:00,0.060718089788912744
2025-08-21 11:00,0.07103494085322626
2025-08-21 12:00,0.38361587891547677
2025-08-21 13:00,0.8220046428778213
2025-08-21 14:00,1.3926866947245988
2025-08-21 15:00,1.7007615111962402
2025-08-21 16:00,1.9678553170467825
2025-08-21 17:00,1.7421782185381354
2025-08-21 18:00,1.349526772714736
2025-08-21 19:00,0.811108153319297
2025-08-21 20:00,0.515647995773511
2025-08-21 21:00,0.28595585748616836
2025-08-21 22:00,0.1939710172516355
2025-08-21 23:00,0.1331442589613977
2025-08-22 00:00,0.1391463909924592
2025-08-22 01:00,0.1321353739669151
2025-08-22 02:00,0.08446539767884888
2025-08-22 03:00,0.10618066271851596
2025-08-22 04:00,0.10970916159477304
2025-08-22 05:00,0.06819160831001154
2025-08-22 06:00,0.05852933111056159
2025-08-22 07:00,0.0606334378192497
2025-08-22 08:00,0.0311424114770234
2025-08-22 09:00,0.09431566223035677
2025-08-22 10:00,0.25129608368973966
2025-08-22 11:00,0.3912171691856935
2025-08-22 12:00,0.5306535834501205
2025-08-22 13:00,0.6330041980397818
2025-08-22 14:00,0.6245081344854275
2025-08-22 15:00,0.5366710038345859
2025-08-22 16:00,0.41814666888436003
2025-08-22 17:00,0.33533541803938693
2025-08-22 18:00,0.23528992013701178
2025-08-22 19:00,0.16555781257342858
2025-08-22 20:00,0.10385393429526205
2025-08-22 21:00,0.08103205326073627
2025-08-22 22:00,0.028270127850346178
2025-08-22 23:00,0.026119979865530874
2025-08-23 00:00,0.02199796997336187
2025-08-23 01:00,0.035804034133513685
2025-08-23 02:00,0.03231877716900104
2025-08-23 03:00,0.04119095416065895
2025-08-23 04:00,0.07762492018126385
2025-08-23 05:00,0.07613581181539446
2025-08-23 06:00,0.05483497852426594
2025-08-23 07:00,0.05418068979630843
2025-08-23 08:00,0.039596655230363244
2025-08-23 09:00,0.02279924687425381
2025-08-23 10:00,0.028379069366962988
2025-08-23 11:00,0.054395843144860366
2025-08-23 12:00,0.14555101446414453
2025-08-23 13:00,0.24007907631703923
2025-08-23 14:00,0.33362204957526476
2025-08-23 15:00,0.4396836945324525
2025-08-23 16:00,0.5252190104546346
2025-08-23 17:00,0.4688708780907326
2025-08-23 18:00,0.3749411359132011
2025-08-23 19:00,0.2616442887854157
2025-08-23 20:00,0.14997483426339536
2025-08-23 21:00,0.041981241567902484
2025-08-23 22:00,0.007194452017939908
2025-08-23 23:00,0.0061465118266327435
2025-08-24 00:00,0.0036864350560332033
2025-08-24 01:00,0.005726397250574335
2025-08-24 02:00,0.002060211599957769
2025-08-24 03:00,0.0029282889613005173
2025-08-24 04:00,0.007868761298565657
2025-08-24 05:00,0.011052748718236718
2025-08-24 06:00,0.013533707546914403
2025-08-24 07:00,0.02922742298252389
2025-08-24 08:00,0.052541332586498526
2025-08-24 09:00,0.1873109385446417
2025-08-24 10:00,0.6042370953035046
2025-08-24 11:00,1.0162332895521142
2025-08-24 12:00,1.5216918969727327
2025-08-24 13:00,1.954919777912194
2025-08-24 14:00,2.0349907310816433
2025-08-24 15:00,1.7613488527357526
2025-08-24 16:00,1.4679438592162612
2025-08-24 17:00,1.034397106555469
2025-08-24 18:00,0.6036751165386114
2025-08-24 19:00,0.43627570134362914
2025-08-24 20:00,0.35535964132291753
2025-08-24 21:00,0.33808570550178535
2025-08-24 22:00,0.3814548019956189
2025-08-24 23:00,0.4709094774269838
2025-08-25 00:00,0.4936624048171817
2025-08-25 01:00,0.5098460666771392
2025-08-25 02:00,0.6176878981698499
2025-08-25 03:00,0.689257066945039
2025-08-25 04:00,0.9220953655964145
2025-08-25 05:00,1.152759137592962
2025-08-25 06:00,1.7979803187956798
2025-08-25 07:00,2.2326985687494405
2025-08-25 08:00,3.01372693496416
2025-08-25 09:00,3.789884419761421
2025-08-25 10:00,4.726828706623673
2025-08-25 11:00,5.577709828024818
2025-08-25 12:00,6.703170737434659
2025-08-25 13:00,7.498328466236626
2025-08-25 14:00,8.658882265752943
2025-08-25 15:00,11.163632781457551
2025-08-25 16:00,14.14772488337141
2025-08-25 17:00,16.702313371252547
2025-08-25 18:00,20.218285453313204
2025-08-25 19:00,23.535334719356534
2025-08-25 20:00,25.31319737473526
2025-08-25 21:00,26.718011411750826
2025-08-25 22:00,28.608682623917048
2025-08-25 23:00,29.927164471834498
2025-08-26 00:00,30.957808192913557
2025-08-26 01:00,32.22958597293509
2025-08-26 02:00,33.13955487748962
2025-08-26 03:00,33.831769633990504
2025-08-26 04:00,33.482911210972375
2025-08-26 05:00,32.95023492844966
2025-08-26 06:00,31.276321319419985
2025-08-26 07:00,28.280565105701328
2025-08-26 08:00,25.080742767895256
2025-08-26 09:00,21.790047968654488
2025-08-26 10:00,18.275582325691822
2025-08-26 11:00,15.021665817144799
2025-08-26 12:00,13.156265890031872
2025-08-26 13:00,10.531386204373488
2025-08-26 14:00,8.710474513052988
2025-08-26 15:00,6.798396915259043
2025-08-26 16:00,5.448441949130283
2025-08-26 17:00,3.6918660984112064
2025-08-26 18:00,3.005588140595226
2025-08-26 19:00,2.0417754032295354
2025-08-26 20:00,1.5931245906531326
2025-08-26 21:00,1.1904305057580633
2025-08-26 22:00,0.9558445826387405
2025-08-26 23:00,0.7028307765108541
2025-08-27 00:00,0.6118861646966539
2025-08-27 01:00,0.45957606674423934
2025-08-27 02:00,0.39464635333970366
2025-08-27 03:00,0.4295972394836123
2025-08-27 04:00,0.35060070871661253
2025-08-27 05:00,0.2764765774911875
2025-08-27 06:00,0.20584152290832686
2025-08-27 07:00,0.1614967486820029
2025-08-27 08:00,0.10346491865057139
2025-08-27 09:00,0.037751438206172924
2025-08-27 10:00,0.019495563371202146
2025-08-27 11:00,0.04209261565953078
2025-08-27 12:00,0.17631458901604102
2025-08-27 13:00,0.2641616866745955
2025-08-27 14:00,0.3891332420797268
2025-08-27 15:00,0.5355218315926149
2025-08-27 16:00,0.623281599462465
2025-08-27 17:00,0.5486549433374132
2025-08-27 18:00,0.4701325767546932
2025-08-27 19:00,0.36938253477991556
2025-08-27 20:00,0.22611483438016297
2025-08-27 21:00,0.14184921579711357
2025-08-27 22:00,0.11643358877115775
2025-08-27 23:00,0.23743341977188362
2025-08-28 00:00,0.46959011636027836
2025-08-28 01:00,0.9628453760718418
2025-08-28 02:00,1.5575113683468302
2025-08-28 03:00,2.5505793380391117
2025-08-28 04:00,4.388600861683647
2025-08-28 05:00,5.620062422512322
2025-08-28 06:00,6.964394494960788
2025-08-28 07:00,7.3811859788312475
2025-08-28 08:00,7.472913225269609
2025-08-28 09:00,6.611869909342099
2025-08-28 10:00,6.301100374960202
2025-08-28 11:00,5.906492823929667
2025-08-28 12:00,6.147895773943668
2025-08-28 13:00,6.580716255517371
2025-08-28 14:00,7.814376265428573
2025-08-28 15:00,8.58034580786563
2025-08-28 16:00,8.777133779802556
2025-08-28 17:00,8.857650164826488
2025-08-28 18:00,8.552977859285702
2025-08-28 19:00,7.498145521182846
2025-08-28 20:00,7.285681650927529
2025-08-28 21:00,7.728209485664752
2025-08-28 22:00,8.36350833517308
2025-08-28 23:00,8.758242485637952
2025-08-29 00:00,9.17968541978347
2025-08-29 01:00,8.634486632491871
2025-08-29 02:00,7.19091486204303
2025-08-29 03:00,6.283660540367499
2025-08-29 04:00,5.65163984187965
2025-08-29 05:00,4.720616860044464
2025-08-29 06:00,4.373790222036783
2025-08-29 07:00,4.802706351151237
2025-08-29 08:00,4.845662558657213
2025-08-29 09:00,5.045205773776318
2025-08-29 10:00,5.04790140115934
2025-08-29 11:00,5.1577943364902
2025-08-29 12:00,4.930824697525528
2025-08-29 13:00,4.314367583796862
2025-08-29 14:00,3.7521209319249316
2025-08-29 15:00,3.4090866593427194
2025-08-29 16:00,2.7760820241748325
2025-08-29 17:00,2.0136263567476567
2025-08-29 18:00,1.6654137139001737
2025-08-29 19:00,1.0428655395287818
2025-08-29 20:00,0.6428902107569296
2025-08-29 21:00,0.4291985265877277
2025-08-29 22:00,0.37577678028293604
2025-08-29 23:00,0.3601784286943776
2025-08-30 00:00,0.5224602720798966
2025-08-30 01:00,0.769682863887016
2025-08-30 02:00,0.9576684696965178
2025-08-30 03:00,1.2005686812397436
2025-08-30 04:00,1.1856009236414007
2025-08-30 05:00,1.072173783404413
2025-08-30 06:00,0.8654412065842318
2025-08-30 07:00,0.5971676452706717
2025-08-30 08:00,0.3482666101374982
2025-08-30 09:00,0.2660494104660864
2025-08-30 10:00,0.21656010483506866
2025-08-30 11:00,0.28915526305518896
2025-08-30 12:00,0.5282470361129563
2025-08-30 13:00,1.0562300381279557
2025-08-30 14:00,1.3432003511248767
2025-08-30 15:00,1.5936368691180223
2025-08-30 16:00,1.5223729223639284
2025-08-30 17:00,1.262653013610097
2025-08-30 18:00,0.7135146838934908
2025-08-30 19:00,0.37240733031568285
2025-08-30 20:00,0.0909299352219597
2025-08-30 21:00,0.024297798073383187
2025-08-30 22:00,0.020836955215720366
2025-08-30 23:00,0.024247353185640846
2025-08-31 00:00,0.023477903416924066
2025-08-31 01:00,0.04493757974607472
2025-08-31 02:00,0.03476691065843077
2025-08-31 03:00,0.16319426013015453
2025-08-31 04:00,0.3353702121118606
2025-08-31 05:00,0.6095908836755095
2025-08-31 06:00,0.6502050575771123
2025-08-31 07:00,0.7203895426854916
2025-08-31 08:00,0.985446605269361
2025-08-31 09:00,1.3125936670332212
2025-08-31 10:00,1.8017288293227618
2025-08-31 11:00,2.8529913064911336
2025-08-31 12:00,3.3902223532952673
2025-08-31 13:00,4.55521619779464
2025-08-31 14:00,5.9686074147996795
2025-08-31 15:00,7.635774867017472
2025-08-31 16:00,9.036435752880774
2025-08-31 17:00,11.253622793360591
2025-08-31 18:00,12.271530478201766
2025-08-31 19:00,13.312882725362062
2025-08-31 20:00,14.101451660368628
2025-08-31 21:00,13.592792712006448
2025-08-31 22:00,13.403372372749647
2025-08-31 23:00,13.788359452216298
2025-09-01 00:00,14.052378998248418
2025-09-01 01:00,12.897067527928547
2025-09-01 02:00,13.215290997447678
2025-09-01 03:00,15.064417672975036
2025-09-01 04:00,17.261680011850537
2025-09-01 05:00,18.95524074659092
2025-09-01 06:00,21.507563984350742
2025-09-01 07:00,23.71370360150528
2025-09-01 08:00,22.91086331733004
2025-09-01 09:00,21.31442189901834
2025-09-01 10:00,21.25040254139275
2025-09-01 11:00,22.633410876146485
2025-09-01 12:00,24.66721861099859
2025-09-01 13:00,27.356521557782912
2025-09-01 14:00,29.762662156955834
2025-09-01 15:00,29.69135450720578
2025-09-01 16:00,26.917527272764495
2025-09-01 17:00,22.180329828315866
2025-09-01 18:00,16.847469582729126
2025-09-01 19:00,11.655674893836942
2025-09-01 20:00,7.2565207660455355
2025-09-01 21:00,4.185713354225402
2025-09-01 22:00,2.5674287409975713
2025-09-01 23:00,1.7119906112125818
2025-09-02 00:00,1.036731991582619
2025-09-02 01:00,0.7719695893886165
2025-09-02 02:00,0.9160189611694204
2025-09-02 03:00,0.8428085113106046
2025-09-02 04:00,0.8081217820793606
2025-09-02 05:00,0.7344925090831832
2025-09-02 06:00,0.6277720443396354
2025-09-02 07:00,0.3800906335671178
2025-09-02 08:00,0.26412729335897733
2025-09-02 09:00,0.12770035960922782
2025-09-02 10:00,0.20591424013492973
2025-09-02 11:00,0.4903769192205522
2025-09-02 12:00,0.7648873973243819
2025-09-02 13:00,1.0681141198702127
2025-09-02 14:00,1.4074645647180257
2025-09-02 15:00,1.4359392425154702
2025-09-02 16:00,1.2269830925940368
2025-09-02 17:00,0.9874273023231094
2025-09-02 18:00,0.7360207499049849
2025-09-02 19:00,0.4939961829934358
2025-09-02 20:00,0.4390446774375546
2025-09-02 21:00,0.3954810407481129
2025-09-02 22:00,0.3428368803648534
2025-09-02 23:00,0.27735734045781907
2025-09-03 00:00,0.1900383858267924
2025-09-03 01:00,0.179068971841435
2025-09-03 02:00,0.19185086790713557
2025-09-03 03:00,0.22336004274580618
2025-09-03 04:00,0.2880833665429065
2025-09-03 05:00,0.2884717075153777
2025-09-03 06:00,0.23877844481353247
2025-09-03 07:00,0.18306382477700964
2025-09-03 08:00,0.11790783772617908
2025-09-03 09:00,0.05003480875390796
2025-09-03 10:00,0.03944484068527743
2025-09-03 11:00,0.04060695299257191
2025-09-03 12:00,0.04220793261171899
2025-09-03 13:00,0.21644474551096562
2025-09-03 14:00,0.3597247934392246
2025-09-03 15:00,0.7650857213414681
2025-09-03 16:00,1.1405931893214785
2025-09-03 17:00,1.2658453438713935
2025-09-03 18:00,1.1737938265247776
2025-09-03 19:00,1.1379692968087132
2025-09-03 20:00,0.7767032449923515
2025-09-03 21:00,0.5477403789040134
2025-09-03 22:00,0.43055196488052616
2025-09-03 23:00,0.370753202544914
2025-09-04 00:00,0.30096257472339116
2025-09-04 01:00,0.3386639421235674
2025-09-04 02:00,0.2944331030728654
2025-09-04 03:00,0.3682386056639618
2025-09-04 04:00,0.4714811156435627
2025-09-04 05:00,0.5723500033603031
2025-09-04 06:00,0.5502250873045802
2025-09-04 07:00,0.4701437622281553
2025-09-04 08:00,0.52230400674809
2025-09-04 09:00,0.5213670604739578
2025-09-04 10:00,0.6193337310927571
2025-09-04 11:00,1.0356215491276612
2025-09-04 12:00,2.2709940140837093
2025-09-04 13:00,3.763840760283357
2025-09-04 14:00,5.632152136279801
2025-09-04 15:00,7.430825444578055
2025-09-04 16:00,9.391259857611164
2025-09-04 17:00,10.4922488899624
2025-09-04 18:00,10.224604426642863
2025-09-04 19:00,9.090293280907542
2025-09-04 20:00,7.634119552912009
2025-09-04 21:00,5.5224285363156245
2025-09-04 22:00,3.2859909797189153
2025-09-04 23:00,1.9897194594921228
2025-09-05 00:00,1.2122470722407257
2025-09-05 01:00,0.7244799569031792
2025-09-05 02:00,0.5245048228338935
2025-09-05 03:00,0.47084367026375873
2025-09-05 04:00,0.46872956976916685
2025-09-05 05:00,0.46370806921500235
2025-09-05 06:00,0.409247004874982
2025-09-05 07:00,0.2966686558433357
2025-09-05 08:00,0.2231366749219041
2025-09-05 09:00,0.16799573502425685
2025-09-05 10:00,0.1324953984107383
2025-09-05 11:00,0.12036924216538276
2025-09-05 12:00,0.5210216680546804
2025-09-05 13:00,0.9463063623726417
2025-09-05 14:00,1.2927055957746698
2025-09-05 15:00,1.5463616920085932
2025-09-05 16:00,1.6907301388968392
2025-09-05 17:00,1.4321324152991717
2025-09-05 18:00,1.0989616454249875
2025-09-05 19:00,0.9225878654209783
2025-09-05 20:00,1.129706647354828
2025-09-05 21:00,1.7714192244426237
2025-09-05 22:00,3.814403820194927
2025-09-05 23:00,6.172832649871461
2025-09-06 00:00,8.712822436886643
2025-09-06 01:00,11.602004962475117
2025-09-06 02:00,14.24758778437031
2025-09-06 03:00,15.310667111455464
2025-09-06 04:00,17.49975472064026
2025-09-06 05:00,20.42432168565749
2025-09-06 06:00,22.451583966344934
2025-09-06 07:00,24.117285355922345
2025-09-06 08:00,24.683520193365446
2025-09-06 09:00,23.817436042832945
2025-09-06 10:00,22.573205601464803
2025-09-06 11:00,20.58439006511773
2025-09-06 12:00,19.512519935656336
2025-09-06 13:00,20.88032959042502
2025-09-06 14:00,22.563395148892894
2025-09-06 15:00,23.713546802576246
2025-09-06 16:00,26.04328951559981
2025-09-06 17:00,27.865236198714552
2025-09-06 18:00,27.75659433587519
2025-09-06 19:00,27.092493802828596
2025-09-06 20:00,26.301169761669435
2025-09-06 21:00,25.204096862089536
2025-09-06 22:00,23.816159720607082
2025-09-06 23:00,23.981745639574665
2025-09-07 00:00,24.115746019970874
2025-09-07 01:00,23.099002588707815
2025-09-07 02:00,22.65620182738855
2025-09-07 03:00,20.753031921850607
2025-09-07 04:00,16.820483890678968
2025-09-07 05:00,12.879123343227795
2025-09-07 06:00,10.243451132774357
2025-09-07 07:00,7.250359139945343
2025-09-07 08:00,5.343717535013669
2025-09-07 09:00,5.18247517575148
2025-09-07 10:00,4.928679758361627
2025-09-07 11:00,4.080008657496849
2025-09-07 12:00,3.2746352972148736
2025-09-07 13:00,3.088623023062418
2025-09-07 14:00,2.141207863322972
2025-09-07 15:00,1.6242440136834262
2025-09-07 16:00,1.8441580110299207
2025-09-07 17:00,1.9682651199284549
2025-09-07 18:00,1.7574413723149351
2025-09-07 19:00,1.7144148304566822
2025-09-07 20:00,1.592906635165706
2025-09-07 21:00,1.325821932028661
2025-09-07 22:00,0.8462367259373913
2025-09-07 23:00,0.660031156476345
2025-09-08 00:00,0.5871410846354618
2025-09-08 01:00,0.5707347977823702
2025-09-08 02:00,0.446555775125022
2025-09-08 03:00,0.4733532725872169
2025-09-08 04:00,0.5538924530607343
2025-09-08 05:00,0.5409964557949513
2025-09-08 06:00,0.5052047863850941
2025-09-08 07:00,0.45513940921801466
2025-09-08 08:00,0.4190013431271183
2025-09-08 09:00,0.3119462806389429
2025-09-08 10:00,0.23054374452317608
2025-09-08 11:00,0.25591186823913986
2025-09-08 12:00,0.26491976769480197
2025-09-08 13:00,0.2947882793417609
2025-09-08 14:00,0.29907463240412013
2025-09-08 15:00,0.3155726150080369
2025-09-08 16:00,0.3154274971808918
2025-09-08 17:00,0.3810118364408807
2025-09-08 18:00,0.3848358900352158
2025-09-08 19:00,0.3842459748873897
2025-09-08 20:00,0.5472945121708139
2025-09-08 21:00,0.7385380458422762
2025-09-08 22:00,0.9019752250142872
2025-09-08 23:00,1.3133947252526765
2025-09-09 00:00,1.7181296911308563
2025-09-09 01:00,2.3400106250207258
2025-09-09 02:00,2.397737527411779
2025-09-09 03:00,2.6502143313724362
2025-09-09 04:00,2.3860082457250527
2025-09-09 05:00,2.1682576838453587
2025-09-09 06:00,1.9566608623776378
2025-09-09 07:00,1.952187372175933
2025-09-09 08:00,1.9865250368523362
2025-09-09 09:00,2.7212891819944565
2025-09-09 10:00,2.9376414048795225
2025-09-09 11:00,3.345227458843977
2025-09-09 12:00,4.4605632825669845
2025-09-09 13:00,5.273337025062259
2025-09-09 14:00,6.653943560498097
2025-09-09 15:00,8.335138288574782
2025-09-09 16:00,8.766144750152487
2025-09-09 17:00,8.355707884811048
2025-09-09 18:00,8.13443083489501
2025-09-09 19:00,6.152587945979835
2025-09-09 20:00,4.364757000842123
2025-09-09 21:00,3.2424229631375887
2025-09-09 22:00,2.496949871868985
2025-09-09 23:00,1.6424915189119678
2025-09-10 00:00,1.648767210764282
2025-09-10 01:00,2.0555362597469675
2025-09-10 02:00,2.3354797370542455
2025-09-10 03:00,2.9787418415621216
2025-09-10 04:00,3.740775156117381
2025-09-10 05:00,4.28014582767481
2025-09-10 06:00,4.4739970729508105
2025-09-10 07:00,4.8831752562844
2025-09-10 08:00,5.242336760995181
2025-09-10 09:00,5.351666191489283
2025-09-10 10:00,5.960054041820322
2025-09-10 11:00,6.389615029945572
2025-09-10 12:00,6.697155494949973
2025-09-10 13:00,6.876280585706917
2025-09-10 14:00,7.607521105785047
2025-09-10 15:00,7.919296482497961
2025-09-10 16:00,8.130664697479927
2025-09-10 17:00,8.179752047989862
2025-09-10 18:00,7.974810070919943
2025-09-10 19:00,6.970294478617245
2025-09-10 20:00,5.886089114895553
2025-09-10 21:00,4.834318377844218
2025-09-10 22:00,3.9058509798804018
2025-09-10 23:00,2.829021999166778
2025-09-11 00:00,2.2436239000578166
2025-09-11 01:00,1.8831692666647712
2025-09-11 02:00,1.8181779059283827
2025-09-11 03:00,2.027282520303255
2025-09-11 04:00,2.5458758712632332
2025-09-11 05:00,3.0251217228838465
2025-09-11 06:00,3.6110564471272704
2025-09-11 07:00,3.8865036618540314
2025-09-11 08:00,3.7153173704395464
2025-09-11 09:00,3.0475065576485196
2025-09-11 10:00,2.3197645504095874
2025-09-11 11:00,1.3631679702783972
2025-09-11 12:00,0.603939697327305
2025-09-11 13:00,0.15381888089534504
2025-09-11 14:00,0.690329640647303
2025-09-11 15:00,1.4692872027506465
2025-09-11 16:00,1.933531378794196
2025-09-11 17:00,2.5052048448318227
2025-09-11 18:00,3.564499707067049
2025-09-11 19:00,4.186604499205048
2025-09-11 20:00,4.5757551091122854
2025-09-11 21:00,5.400307637762438
2025-09-11 22:00,5.815976473798723
2025-09-11 23:00,5.977248989480172
2025-09-12 00:00,5.886551498548766
2025-09-12 01:00,5.996009016553281
2025-09-12 02:00,6.119107348479959
2025-09-12 03:00,6.955373374402555
2025-09-12 04:00,7.154907864948887
2025-09-12 05:00,7.155710857965732
2025-09-12 06:00,7.336811670090684
2025-09-12 07:00,7.157022174185462
2025-09-12 08:00,6.1026910199920605
2025-09-12 09:00,5.251665242296875
2025-09-12 10:00,4.951614792804992
2025-09-12 11:00,4.015995301279209
2025-09-12 12:00,3.4369894578050073
2025-09-12 13:00,3.5467071868395608
2025-09-12 14:00,4.034507959838327
2025-09-12 15:00,4.8526737433405405
2025-09-12 16:00,5.577833271777419
2025-09-12 17:00,6.211244638531001
2025-09-12 18:00,7.439282111290739
2025-09-12 19:00,8.989992250665944
2025-09-12 20:00,10.412372797455053
2025-09-12 21:00,15.261679249974838
2025-09-12 22:00,22.604046588837384
2025-09-12 23:00,28.924110414229546
2025-09-13 00:00,35.58435187176456
2025-09-13 01:00,41.633712464781674
2025-09-13 02:00,44.01476060984637
2025-09-13 03:00,43.502302408886734
2025-09-13 04:00,42.94756588040975
2025-09-13 05:00,41.625274460491504
2025-09-13 06:00,40.39004793825604
2025-09-13 07:00,39.005322662292066
2025-09-13 08:00,37.00280564382703
2025-09-13 09:00,33.17667057440975
2025-09-13 10:00,27.956994755158966
2025-09-13 11:00,23.31888762056016
2025-09-13 12:00,18.04562825194913
2025-09-13 13:00,13.30114195742693
2025-09-13 14:00,9.847038709433146
2025-09-13 15:00,7.4424582871556595
2025-09-13 16:00,4.422273612852326
2025-09-13 17:00,2.590321218915704
2025-09-13 18:00,1.244741804703558
2025-09-13 19:00,0.7073822771766405
2025-09-13 20:00,0.4147303264043686
2025-09-13 21:00,0.2717624447869088
2025-09-13 22:00,0.23638369049393196
2025-09-13 23:00,0.27731869796967007
2025-09-14 00:00,0.5480330422607878
2025-09-14 01:00,0.7435324062546126
2025-09-14 02:00,0.9413463789470106
2025-09-14 03:00,1.2072720965909096
2025-09-14 04:00,1.3380841276419502
2025-09-14 05:00,1.0597854757866523
2025-09-14 06:00,0.821533984967909
2025-09-14 07:00,0.5859760787397256
2025-09-14 08:00,0.33496260905888553
2025-09-14 09:00,0.1378145166937006
2025-09-14 10:00,0.08925849341019396
2025-09-14 11:00,0.2036219310505106
2025-09-14 12:00,0.32702862653211034
2025-09-14 13:00,0.4247694813580075
2025-09-14 14:00,0.4142579710477025
2025-09-14 15:00,0.5177573849031262
2025-09-14 16:00,0.41019374664138725
2025-09-14 17:00,0.33027654248504446
2025-09-14 18:00,0.2698697118104819
2025-09-14 19:00,0.3670083187531111
2025-09-14 20:00,0.2941308950662419
2025-09-14 21:00,0.33219579838089663
2025-09-14 22:00,0.2794508201746452
2025-09-14 23:00,0.23541976809172344
2025-09-15 00:00,0.18446214002718392
2025-09-15 01:00,0.22860244131264906
2025-09-15 02:00,0.2568224993001443
2025-09-15 03:00,0.4450568843254651
2025-09-15 04:00,0.6208001325154932
2025-09-15 05:00,0.6350626880180821
2025-09-15 06:00,0.6006522803879191
2025-09-15 07:00,0.527684728881008
2025-09-15 08:00,0.35675185559441513
2025-09-15 09:00,0.15781269976760365
2025-09-15 10:00,0.08995072462922607
2025-09-15 11:00,0.0544804870365934
2025-09-15 12:00,0.059714615616013565
2025-09-15 13:00,0.03963532057503078
2025-09-15 14:00,0.04362716290685861
2025-09-15 15:00,0.04774669652316871
2025-09-15 16:00,0.04500033873390709
2025-09-15 17:00,0.041398708001248716
2025-09-15 18:00,0.06240713611793225
2025-09-15 19:00,0.09820566509475999
2025-09-15 20:00,0.14455988805540834
2025-09-15 21:00,0.21308722707139333
2025-09-15 22:00,0.21770603982675657
2025-09-15 23:00,0.2029452901639853
2025-09-16 00:00,0.16903990587270887
2025-09-16 01:00,0.13420196257252742
2025-09-16 02:00,0.06810599176520392
2025-09-16 03:00,0.10118127539173494
2025-09-16 04:00,0.10976099485009252
2025-09-16 05:00,0.1062582001398866
2025-09-16 06:00,0.1782753238221415
2025-09-16 07:00,0.3436495109476524
2025-09-16 08:00,0.5713124532950957
2025-09-16 09:00,1.2222741939890476
2025-09-16 10:00,2.5005919206080183
2025-09-16 11:00,3.7696826913076804
2025-09-16 12:00,5.342635527390723
2025-09-16 13:00,7.617884339866377
2025-09-16 14:00,10.299015302126708
2025-09-16 15:00,13.822988318365793
2025-09-16 16:00,17.0838853421547
2025-09-16 17:00,19.780775850520264
2025-09-16 18:00,20.525132715880815
2025-09-16 19:00,19.939669466872495
2025-09-16 20:00,18.851423985246168
2025-09-16 21:00,18.374394076398538
2025-09-16 22:00,19.533383125986933
2025-09-16 23:00,22.56732708188422
2025-09-17 00:00,25.494946353859266
2025-09-17 01:00,27.02087239571979
2025-09-17 02:00,27.043165805079457
2025-09-17 03:00,25.3086177886914
2025-09-17 04:00,22.426047953233308
2025-09-17 05:00,22.337484172904922
2025-09-17 06:00,20.850001409735192
2025-09-17 07:00,22.578443538227873
2025-09-17 08:00,24.011257057442702
2025-09-17 09:00,26.66318124285643
2025-09-17 10:00,26.447464901997648
2025-09-17 11:00,27.262746560819146
2025-09-17 12:00,25.320079005833936
2025-09-17 13:00,23.482102148459656
2025-09-17 14:00,20.07792903869041
2025-09-17 15:00,18.063898046569175
2025-09-17 16:00,16.593667404968084
2025-09-17 17:00,16.451740466527827
2025-09-17 18:00,16.120871062751483
2025-09-17 19:00,16.96015614850908
2025-09-17 20:00,16.632849159977944
2025-09-17 21:00,16.352503808923053
2025-09-17 22:00,14.200229473736979
2025-09-17 23:00,12.558671217354094
2025-09-18 00:00,10.412726247722432
2025-09-18 01:00,9.587893648720136
2025-09-18 02:00,9.126385702762395
2025-09-18 03:00,9.549601576159224
2025-09-18 04:00,10.270930410323215
2025-09-18 05:00,10.259762556010562
2025-09-18 06:00,9.166806441211689
2025-09-18 07:00,7.7740659253567275
2025-09-18 08:00,6.6421390544463295
2025-09-18 09:00,5.51376839981024
2025-09-18 10:00,4.550648129756681
2025-09-18 11:00,3.7518723653795307
2025-09-18 12:00,3.198749297622814
2025-09-18 13:00,2.6090264904839464
2025-09-18 14:00,1.831268131449871
2025-09-18 15:00,1.5368658090538783
2025-09-18 16:00,1.2197933462669688
2025-09-18 17:00,0.8140042727513569
2025-09-18 18:00,0.4623985048344377
2025-09-18 19:00,0.16703159960618463
2025-09-18 20:00,0.07256996820111962
2025-09-18 21:00,0.10036800273058995
2025-09-18 22:00,0.23206393501900094
2025-09-18 23:00,0.7108189141009333
2025-09-19 00:00,1.152957653188164
2025-09-19 01:00,2.0535414652068176
2025-09-19 02:00,3.0283247781745883
2025-09-19 03:00,3.80099223266633
2025-09-19 04:00,4.029597656367887
2025-09-19 05:00,3.9881721383405555
2025-09-19 06:00,4.007619883853595
2025-09-19 07:00,3.3653629492967445
2025-09-19 08:00,2.9432762212067116
2025-09-19 09:00,3.048311466148118
2025-09-19 10:00,3.9411258695633316
2025-09-19 11:00,4.275759673548803
2025-09-19 12:00,5.812510334008934
2025-09-19 13:00,7.012133123589687
2025-09-19 14:00,8.476194819560277
2025-09-19 15:00,9.84217958059973
2025-09-19 16:00,12.196898506483503
2025-09-19 17:00,13.494925503385087
2025-09-19 18:00,17.52582205942668
2025-09-19 19:00,22.508420147159228
2025-09-19 20:00,27.9806996683882
2025-09-19 21:00,33.64464736840522
2025-09-19 22:00,41.074388558747174
2025-09-19 23:00,45.93127217021504
2025-09-20 00:00,48.95460338170409
2025-09-20 01:00,50.888916438708044
2025-09-20 02:00,51.265616397222665
2025-09-20 03:00,49.07879215266189
2025-09-20 04:00,43.94828552773409
2025-09-20 05:00,36.84759501078631
2025-09-20 06:00,30.66564422245283
2025-09-20 07:00,24.200780455218577
2025-09-20 08:00,19.24936515804822
2025-09-20 09:00,16.19532164087522
2025-09-20 10:00,16.72831365401796
2025-09-20 11:00,16.523990810081166
2025-09-20 12:00,16.549913459597867
2025-09-20 13:00,18.596473984120436
2025-09-20 14:00,22.836628478611576
2025-09-20 15:00,25.07034359886414
2025-09-20 16:00,26.92817469536117
2025-09-20 17:00,27.28500229653926
2025-09-20 18:00,23.995139648363512
2025-09-20 19:00,18.92306576101121
2025-09-20 20:00,14.40003226062945
2025-09-20 21:00,10.54479649534659
2025-09-20 22:00,8.625980071700365
2025-09-20 23:00,7.614103086182814
2025-09-21 00:00,7.4366524615979275
2025-09-21 01:00,7.292800441622575
2025-09-21 02:00,6.901182059917851
2025-09-21 03:00,6.792328382732516
2025-09-21 04:00,7.600141098333255
2025-09-21 05:00,7.425490677311942
2025-09-21 06:00,8.065900022372109
2025-09-21 07:00,8.283903638330056
2025-09-21 08:00,8.198131992721944
2025-09-21 09:00,7.488617342560126
2025-09-21 10:00,7.867499597656851
2025-09-21 11:00,7.407095261764466
2025-09-21 12:00,8.130820831031041
2025-09-21 13:00,10.019235291806712
2025-09-21 14:00,13.032750528078164
2025-09-21 15:00,16.082667755983774
2025-09-21 16:00,18.149241083576516
2025-09-21 17:00,18.879336392674126
2025-09-21 18:00,18.025056433042682
2025-09-21 19:00,15.210063216832552
2025-09-21 20:00,11.599322717253921
2025-09-21 21:00,9.890766504398353
2025-09-21 22:00,8.559834361516623
2025-09-21 23:00,7.626023252175463
2025-09-22 00:00,7.60138736520656
2025-09-22 01:00,7.9173193622181826
2025-09-22 02:00,7.474586888724391
2025-09-22 03:00,7.129303299637814
2025-09-22 04:00,7.237109475012881
2025-09-22 05:00,7.227981444693603
2025-09-22 06:00,7.247710593615925
2025-09-22 07:00,6.483707922666499
2025-09-22 08:00,5.5634551559508285
2025-09-22 09:00,4.775334604459125
2025-09-22 10:00,4.3175742838289235
2025-09-22 11:00,3.6704219258644515
2025-09-22 12:00,3.4722926897877544
2025-09-22 13:00,3.5052507380744835
2025-09-22 14:00,3.203632657515512
2025-09-22 15:00,2.7871221462572544
2025-09-22 16:00,3.207561758876511
2025-09-22 17:00,4.054732285116994
2025-09-22 18:00,4.94434993076066
2025-09-22 19:00,5.492526191965189
2025-09-22 20:00,5.8528750066113675
2025-09-22 21:00,5.553359704071029
2025-09-22 22:00,5.1730360174502446
2025-09-22 23:00,5.453925020479345
2025-09-23 00:00,5.706480953320278
2025-09-23 01:00,5.739118448752286
2025-09-23 02:00,5.906826512111161
2025-09-23 03:00,6.08290354460442
2025-09-23 04:00,5.070434848907727
2025-09-23 05:00,4.19284353762461
2025-09-23 06:00,3.7002041033378
2025-09-23 07:00,3.069920830211371
2025-09-23 08:00,2.127238466798162
2025-09-23 09:00,1.693833529084071
2025-09-23 10:00,1.2313806445572901
2025-09-23 11:00,0.7393886544664883
2025-09-23 12:00,0.6833626741785238
2025-09-23 13:00,1.2155274567495287
2025-09-23 14:00,1.9673772516787196
2025-09-23 15:00,2.713847982100334
2025-09-23 16:00,3.659818387715376
2025-09-23 17:00,4.8782479310318205
2025-09-23 18:00,5.594347368857753
2025-09-23 19:00,5.9553040564761
2025-09-23 20:00,6.439412324841861
2025-09-23 21:00,6.965622749691461
2025-09-23 22:00,6.310557658404278
2025-09-23 23:00,6.046577912224313
2025-09-24 00:00,6.2455765358887545
2025-09-24 01:00,6.420737399599405
2025-09-24 02:00,6.313761636555352
2025-09-24 03:00,6.809017702900418
2025-09-24 04:00,7.349460390743611
2025-09-24 05:00,8.31320282351191
2025-09-24 06:00,10.201700062415153
2025-09-24 07:00,12.77771472272238
2025-09-24 08:00,16.37063788182039
2025-09-24 09:00,20.276397196286222
2025-09-24 10:00,21.770030815720634
2025-09-24 11:00,21.993768886020895
2025-09-24 12:00,22.59188756519933
2025-09-24 13:00,22.43876203194349
2025-09-24 14:00,21.86027235833013
2025-09-24 15:00,22.37269516349702
2025-09-24 16:00,21.94762123428432
2025-09-24 17:00,18.776531837090953
2025-09-24 18:00,15.095401748334703
2025-09-24 19:00,10.867291823707358
2025-09-24 20:00,7.089173862801628
2025-09-24 21:00,4.743610726454099
2025-09-24 22:00,4.337240259419959
2025-09-24 23:00,4.126763699854955
2025-09-25 00:00,4.522461722361638
2025-09-25 01:00,4.873996204574607
2025-09-25 02:00,5.790869322901219
2025-09-25 03:00,7.268764107974837
2025-09-25 04:00,9.508788542414731
2025-09-25 05:00,11.958584532141405
2025-09-25 06:00,14.797928470851815
2025-09-25 07:00,15.323283894652054
2025-09-25 08:00,14.422199000223097
2025-09-25 09:00,11.674647681854076
2025-09-25 10:00,8.325958561351824
2025-09-25 11:00,4.673212740896893
2025-09-25 12:00,2.5618931325119076
2025-09-25 13:00,1.137647633374224
2025-09-25 14:00,1.025843566397461
2025-09-25 15:00,1.4091358509577343
2025-09-25 16:00,1.4850179909494667
2025-09-25 17:00,1.6023572351895428
2025-09-25 18:00,1.7729054198378926
2025-09-25 19:00,1.8640121931752192
2025-09-25 20:00,1.55211693792325
2025-09-25 21:00,1.510192501884125
2025-09-25 22:00,1.444966917023559
2025-09-25 23:00,1.56100585297956
2025-09-26 00:00,1.8471208343167689
2025-09-26 01:00,2.6212765869754557
2025-09-26 02:00,3.665418797369729
2025-09-26 03:00,5.187891243296643
2025-09-26 04:00,6.5841702500940515
2025-09-26 05:00,8.057555602853775
2025-09-26 06:00,8.610571101254068
2025-09-26 07:00,8.531940895455227
2025-09-26 08:00,7.709423658013819
2025-09-26 09:00,6.424853286336538
2025-09-26 10:00,4.607703903244795
2025-09-26 11:00,3.3951261590456716
2025-09-26 12:00,3.1965142256877344
2025-09-26 13:00,3.5362460180448148
2025-09-26 14:00,4.51739248054543
2025-09-26 15:00,5.568473350759993
2025-09-26 16:00,6.409574290022446
2025-09-26 17:00,7.081531060406458
2025-09-26 18:00,6.850155536728711
2025-09-26 19:00,6.372653971274149
2025-09-26 20:00,5.959056580561636
2025-09-26 21:00,5.606337307935208
2025-09-26 22:00,4.082336121869752
2025-09-26 23:00,3.2799086526941394
2025-09-27 00:00,2.3902563558192718
2025-09-27 01:00,1.704264375316169
2025-09-27 02:00,0.8710896664836343
2025-09-27 03:00,0.7846345465475851
2025-09-27 04:00,0.6153680028882372
2025-09-27 05:00,0.46687075053981664
2025-09-27 06:00,0.20036342432625984
2025-09-27 07:00,0.11782547827994141
2025-09-27 08:00,0.2553886430966234
2025-09-27 09:00,0.6182733795277562
2025-09-27 10:00,0.9290881007717058
2025-09-27 11:00,1.2341375357717472
2025-09-27 12:00,1.818612053282872
2025-09-27 13:00,2.0797194105516383
2025-09-27 14:00,2.9215852410713836
2025-09-27 15:00,3.488329660833813
2025-09-27 16:00,4.062538187075733
2025-09-27 17:00,3.8151877496057254
2025-09-27 18:00,3.5995873212098863
2025-09-27 19:00,2.5099294726340697
2025-09-27 20:00,1.8117478270343312
2025-09-27 21:00,1.106910869146833
2025-09-27 22:00,0.7714606825949268
2025-09-27 23:00,0.6469545063499667
2025-09-28 00:00,0.6712397009400884
2025-09-28 01:00,1.0171123514062725
2025-09-28 02:00,1.7041258991192696
2025-09-28 03:00,3.2300259561698903
2025-09-28 04:00,5.51767496265734
2025-09-28 05:00,9.28419873510514
2025-09-28 06:00,12.45206241940117
2025-09-28 07:00,17.537484493698415
2025-09-28 08:00,20.599632904277122
2025-09-28 09:00,22.754269935698723
2025-09-28 10:00,22.08319721554659
2025-09-28 11:00,22.97525543504748
2025-09-28 12:00,20.645079024299346
2025-09-28 13:00,18.922958597917336
2025-09-28 14:00,16.879470377025843
2025-09-28 15:00,15.711036879187919
2025-09-28 16:00,12.912209213159269
2025-09-28 17:00,11.216067415658065
2025-09-28 18:00,10.45284243722804
2025-09-28 19:00,9.025762804451952
2025-09-28 20:00,7.59201558803943
2025-09-28 21:00,6.313653779827376
2025-09-28 22:00,5.202161749502565
2025-09-28 23:00,3.8427118697719456
2025-09-29 00:00,3.6571923119337852
2025-09-29 01:00,4.001049973404737
2025-09-29 02:00,4.736103700820728
2025-09-29 03:00,4.900316336820493
2025-09-29 04:00,4.624231777810712
2025-09-29 05:00,4.090951760544778
2025-09-29 06:00,3.7952978205985914
2025-09-29 07:00,2.8952724338378353
2025-09-29 08:00,2.0966532115466157
2025-09-29 09:00,1.733453165225
2025-09-29 10:00,1.3877599027733738
2025-09-29 11:00,0.6859703334320688
2025-09-29 12:00,0.4366341480858186
2025-09-29 13:00,0.27546912805524665
2025-09-29 14:00,0.18605887975442453
2025-09-29 15:00,0.19759236995304003
2025-09-29 16:00,0.3119846311162434
2025-09-29 17:00,0.24575352797807132
2025-09-29 18:00,0.29331669945606953
2025-09-29 19:00,0.3527382079431548
2025-09-29 20:00,0.36018757696714115
2025-09-29 21:00,0.2948701168449926
2025-09-29 22:00,0.27641233312684876
2025-09-29 23:00,0.19487595702532484
2025-09-30 00:00,0.16044128779932518
2025-09-30 01:00,0.15268875380140093
2025-09-30 02:00,0.12402770325232453
2025-09-30 03:00,0.09132768533473606
2025-09-30 04:00,0.1025683411699321
2025-09-30 05:00,0.06250347020751061
2025-09-30 06:00,0.04414501199873686
2025-09-30 07:00,0.023219568855303307
2025-09-30 08:00,0.04653847909872457
2025-09-30 09:00,0.058040925469062254
2025-09-30 10:00,0.06483652191136671
2025-09-30 11:00,0.08365168867137736
2025-09-30 12:00,0.13979972888213768
2025-09-30 13:00,0.34993603359011205
2025-09-30 14:00,0.6719168786532432
2025-09-30 15:00,1.13897166997512
2025-09-30 16:00,1.5084983300059946
2025-09-30 17:00,1.7784774691378793
2025-09-30 18:00,1.8083670270489083
2025-09-30 19:00,1.7726806817516283
2025-09-30 20:00,1.486433471959467
2025-09-30 21:00,1.3971819087721642
2025-09-30 22:00,1.2169897912207173
2025-09-30 23:00,1.0697055900042003
2025-10-01 00:00,1.1648261656998744
2025-10-01 01:00,1.2734596067873791
2025-10-01 02:00,1.3709841890561827
2025-10-01 03:00,1.3054211236305029
2025-10-01 04:00,1.336949822007826
2025-10-01 05:00,1.0701279682878673
2025-10-01 06:00,0.8157278049323937
2025-10-01 07:00,0.4296816947853113
2025-10-01 08:00,0.4446037585465888
2025-10-01 09:00,0.49921799994709837
2025-10-01 10:00,0.6194305156989846
2025-10-01 11:00,0.8158925871752671
2025-10-01 12:00,1.2100230203674776
2025-10-01 13:00,1.6329657529339532
2025-10-01 14:00,2.4862044331485817
2025-10-01 15:00,3.921073733261707
2025-10-01 16:00,5.605694434082705
2025-10-01 17:00,7.341597762940128
2025-10-01 18:00,8.487115998836668
2025-10-01 19:00,8.18832466665803
2025-10-01 20:00,6.992618852723235
2025-10-01 21:00,5.189795537334606
2025-10-01 22:00,3.2291498219028028
2025-10-01 23:00,1.636698347868549
2025-10-02 00:00,1.0596342796263176
2025-10-02 01:00,0.5675399399765277
2025-10-02 02:00,0.5039834232042055
2025-10-02 03:00,0.3422528151276566
2025-10-02 04:00,0.28846957516754335
2025-10-02 05:00,0.11398830358753251
2025-10-02 06:00,0.10769592483234007
2025-10-02 07:00,0.0660195880511077
2025-10-02 08:00,0.05185478263265235
2025-10-02 09:00,0.02972055843017863
2025-10-02 10:00,0.027987793595539646
2025-10-02 11:00,0.06464272003144414
2025-10-02 12:00,0.0683737272481258
2025-10-02 13:00,0.13006688959111778
2025-10-02 14:00,0.16392732900186585
2025-10-02 15:00,0.20000538594281467
2025-10-02 16:00,0.18745459908726475
2025-10-02 17:00,0.19899599745301075
2025-10-02 18:00,0.16691569327521763
2025-10-02 19:00,0.1440880398972166
2025-10-02 20:00,0.15569807996635293
2025-10-02 21:00,0.42029468699217265
2025-10-02 22:00,0.9563972185456968
2025-10-02 23:00,1.6454743018496143
2025-10-03 00:00,2.9290938508788362
2025-10-03 01:00,4.494542059343884
2025-10-03 02:00,6.67171461187621
2025-10-03 03:00,9.309931268597598
2025-10-03 04:00,12.753198604457287
2025-10-03 05:00,16.297490017635322
2025-10-03 06:00,19.643519253066597
2025-10-03 07:00,21.393153481010764
2025-10-03 08:00,22.568886978280155
2025-10-03 09:00,23.567784436498837
2025-10-03 10:00,23.249268816183967
2025-10-03 11:00,22.795018104420357
2025-10-03 12:00,23.348834715895748
2025-10-03 13:00,24.607687317185675
2025-10-03 14:00,24.978114636960917
2025-10-03 15:00,27.605681208954053
2025-10-03 16:00,29.168209114622925
2025-10-03 17:00,31.855056956275053
2025-10-03 18:00,32.89390727579953
2025-10-03 19:00,33.12013281527867
2025-10-03 20:00,30.993201338505525
2025-10-03 21:00,27.90753508469487
2025-10-03 22:00,22.096459719584296
2025-10-03 23:00,16.53614852191011
2025-10-04 00:00,11.844480474148243
2025-10-04 01:00,8.388326336192458
2025-10-04 02:00,6.597135183701671
2025-10-04 03:00,6.217866233293576
2025-10-04 04:00,6.507615970624309
2025-10-04 05:00,6.721801242120046
2025-10-04 06:00,5.95704227841696
2025-10-04 07:00,5.282025620599389
2025-10-04 08:00,4.366850418962885
2025-10-04 09:00,3.3007412855627316
2025-10-04 10:00,2.363790132929086
2025-10-04 11:00,2.0196810931491775
2025-10-04 12:00,1.997319896635723
2025-10-04 13:00,1.9255403603690993
2025-10-04 14:00,1.8176798456888084
2025-10-04 15:00,1.6383087229528186
2025-10-04 16:00,1.240812851352653
2025-10-04 17:00,0.7521214229410602
2025-10-04 18:00,0.4998347340689163
2025-10-04 19:00,0.3376785898320752
2025-10-04 20:00,0.21509601899949563
2025-10-04 21:00,0.2177468452236761
2025-10-04 22:00,0.22233426605194415
2025-10-04 23:00,0.19345927639406163
2025-10-05 00:00,0.12107130572583769
2025-10-05 01:00,0.07589148329692091
2025-10-05 02:00,0.03360326901265486
2025-10-05 03:00,0.022050333872152356
2025-10-05 04:00,0.024844670429317837
2025-10-05 05:00,0.02939073868478307
2025-10-05 06:00,0.03714607623561762
2025-10-05 07:00,0.052794802057895426
2025-10-05 08:00,0.084892629676588
2025-10-05 09:00,0.10064103222623813
2025-10-05 10:00,0.17589232458740942
2025-10-05 11:00,0.22738371121490997
2025-10-05 12:00,0.21038587894794775
2025-10-05 13:00,0.2223981118466482
2025-10-05 14:00,0.22162959432766066
2025-10-05 15:00,0.14535224029803576
2025-10-05 16:00,0.14224635957867768
2025-10-05 17:00,0.1730604441687257
2025-10-05 18:00,0.16330360258253912
2025-10-05 19:00,0.18971522795221607
2025-10-05 20:00,0.22678700712712746
2025-10-05 21:00,0.19913622831710462
2025-10-05 22:00,0.19523092691271693
2025-10-05 23:00,0.2963116406022074
2025-10-06 00:00,0.4060519921313162
2025-10-06 01:00,0.49248948758251593
2025-10-06 02:00,0.5926042898310866
2025-10-06 03:00,0.7325536403242187
2025-10-06 04:00,0.9152747292020482
2025-10-06 05:00,1.467134220141633
2025-10-06 06:00,2.5252795292505024
2025-10-06 07:00,4.49732126531965
2025-10-06 08:00,6.916722980020056
2025-10-06 09:00,8.736600317918771
2025-10-06 10:00,10.194914138025124
2025-10-06 11:00,11.182119140942529
2025-10-06 12:00,10.651945414320318
2025-10-06 13:00,9.95258655929967
2025-10-06 14:00,10.499079629443614
2025-10-06 15:00,14.144896741302512
2025-10-06 16:00,19.47975505517334
2025-10-06 17:00,26.17869199613573
2025-10-06 18:00,33.54466328560868
2025-10-06 19:00,39.64143578449004
2025-10-06 20:00,42.609988447191526
2025-10-06 21:00,43.62950179343728
2025-10-06 22:00,43.464651002741
2025-10-06 23:00,41.9663497634859
2025-10-07 00:00,40.75331846969743
2025-10-07 01:00,39.119924515562516
2025-10-07 02:00,37.336074225206715
2025-10-07 03:00,34.84672720237297
2025-10-07 04:00,31.718803394589067
2025-10-07 05:00,26.99533334622003
2025-10-07 06:00,21.167053841258635
2025-10-07 07:00,14.822820891553082
2025-10-07 08:00,9.810401374214226
2025-10-07 09:00,5.674695984702422
2025-10-07 10:00,3.3038069338709803
2025-10-07 11:00,2.3581711775755263
2025-10-07 12:00,2.3603932293433587
2025-10-07 13:00,2.452083606185668
2025-10-07 14:00,2.395988971329757
2025-10-07 15:00,2.1823513421314162
2025-10-07 16:00,2.0938652890386735
2025-10-07 17:00,1.9212351763884432
2025-10-07 18:00,1.3650126412039574
2025-10-07 19:00,1.1144250760574714
2025-10-07 20:00,1.09884675744761
2025-10-07 21:00,1.1370468910365346
2025-10-07 22:00,1.8344969852343478
2025-10-07 23:00,2.7307404760912695
2025-10-08 00:00,3.518189410532456
2025-10-08 01:00,4.046843264291843
2025-10-08 02:00,4.3919933544198795
2025-10-08 03:00,4.9639559554272426
2025-10-08 04:00,5.8925002284571715
2025-10-08 05:00,7.33279235785336
2025-10-08 06:00,8.84522513362426
2025-10-08 07:00,10.903263124444276
2025-10-08 08:00,11.96624889286723
2025-10-08 09:00,12.210512404239438
2025-10-08 10:00,12.16804943129282
2025-10-08 11:00,13.133362494500783
2025-10-08 12:00,13.239408922582038
2025-10-08 13:00,13.701147768443658
2025-10-08 14:00,14.836769568055427
2025-10-08 15:00,15.297398428684406
2025-10-08 16:00,14.178511005361486
2025-10-08 17:00,13.083164370601347
2025-10-08 18:00,10.903601988830436
2025-10-08 19:00,8.18290203739787
2025-10-08 20:00,5.712372510795692
2025-10-08 21:00,3.831952366294826
2025-10-08 22:00,2.179133277812724
2025-10-08 23:00,1.4454581596558362
2025-10-09 00:00,0.951523404729335
2025-10-09 01:00,0.7317936416256794
2025-10-09 02:00,0.6690480131729751
2025-10-09 03:00,0.7892334857000532
2025-10-09 04:00,1.024657755282491
2025-10-09 05:00,1.3663503617969877
2025-10-09 06:00,1.7120706089955502
2025-10-09 07:00,1.872840432083334
2025-10-09 08:00,1.970558768239576
2025-10-09 09:00,1.9070819772045773
2025-10-09 10:00,1.6530452529404205
2025-10-09 11:00,1.221360633639415
2025-10-09 12:00,0.9325209663112861
2025-10-09 13:00,0.6777607756615647
2025-10-09 14:00,0.4814178689325123
2025-10-09 15:00,0.4840949734149541
2025-10-09 16:00,0.6931029243584295
2025-10-09 17:00,1.3645261317374904
2025-10-09 18:00,2.8560983509271223
2025-10-09 19:00,3.7738403779431096
2025-10-09 20:00,4.434678603895081
2025-10-09 21:00,5.336190471262973
2025-10-09 22:00,5.700612297459043
2025-10-09 23:00,5.168132522337332
2025-10-10 00:00,5.138154703371448
2025-10-10 01:00,5.021086574609128
2025-10-10 02:00,4.414810938328466
2025-10-10 03:00,3.6683795258528775
2025-10-10 04:00,2.935464839156584
2025-10-10 05:00,2.1953545533883223
2025-10-10 06:00,1.6457723033509635
2025-10-10 07:00,1.273809263364893
2025-10-10 08:00,1.0079768584954187
2025-10-10 09:00,0.9032543238264992
2025-10-10 10:00,0.7498681311748736
2025-10-10 11:00,0.595028046953834
2025-10-10 12:00,0.4457479735898418
2025-10-10 13:00,0.49888858012669984
2025-10-10 14:00,0.5306439908409403
2025-10-10 15:00,0.5221244298036096
2025-10-10 16:00,0.55245940073833
2025-10-10 17:00,0.530371364733543
2025-10-10 18:00,0.4072015023630146
2025-10-10 19:00,0.5585521037590293
2025-10-10 20:00,0.9066014260081744
2025-10-10 21:00,1.1700892355761021
2025-10-10 22:00,1.8346252805660732
2025-10-10 23:00,2.330890367275011
2025-10-11 00:00,2.418551621509711
2025-10-11 01:00,2.367122989512498
2025-10-11 02:00,2.1899105810017416
2025-10-11 03:00,1.8014237713940429
2025-10-11 04:00,1.5015971220185622
2025-10-11 05:00,1.4266465282801732
2025-10-11 06:00,1.439520249000991
2025-10-11 07:00,1.7944315783510234
2025-10-11 08:00,1.7813106885898677
2025-10-11 09:00,1.906091270731629
2025-10-11 10:00,1.997238135567813
2025-10-11 11:00,2.236350581209443
2025-10-11 12:00,2.174187298453288
2025-10-11 13:00,2.3108555729223945
2025-10-11 14:00,2.24750321710962
2025-10-11 15:00,2.1677845284303836
2025-10-11 16:00,1.7869497879007177
2025-10-11 17:00,1.4665545069539336
2025-10-11 18:00,1.4243539105153376
2025-10-11 19:00,1.5355023622719972
2025-10-11 20:00,1.6828417867285848
2025-10-11 21:00,2.3896056084892856
2025-10-11 22:00,2.849400200443694
2025-10-11 23:00,2.866373791344363
2025-10-12 00:00,2.7241465324740837
2025-10-12 01:00,2.577115787115466
2025-10-12 02:00,1.7660325984276448
2025-10-12 03:00,1.3272058497638237
2025-10-12 04:00,1.400746427712084
2025-10-12 05:00,1.6493816245283406
2025-10-12 06:00,1.5303542708397324
2025-10-12 07:00,1.6943912218970065
2025-10-12 08:00,1.7548380175396434
2025-10-12 09:00,1.7198665217701716
2025-10-12 10:00,1.7377718659086063
2025-10-12 11:00,1.832394797271443
2025-10-12 12:00,1.8874107214555622
2025-10-12 13:00,1.939065266167632
2025-10-12 14:00,1.803730987570433
2025-10-12 15:00,1.4800070903122144
2025-10-12 16:00,1.243946993576812
2025-10-12 17:00,0.9457346227865934
2025-10-12 18:00,0.6980917916725499
2025-10-12 19:00,0.39127749854080096
2025-10-12 20:00,0.21992272927417286
2025-10-12 21:00,0.11601187905583063
2025-10-12 22:00,0.08737692282301975
2025-10-12 23:00,0.09866342086282562
2025-10-13 00:00,0.11258579075318023
2025-10-13 01:00,0.11420672136429726
2025-10-13 02:00,0.1825813697705813
2025-10-13 03:00,0.24023218597064785
2025-10-13 04:00,0.6569705013256191
2025-10-13 05:00,1.1110295151074379
2025-10-13 06:00,1.5420285159147684
2025-10-13 07:00,2.0034603899527736
2025-10-13 08:00,3.199486824464347
2025-10-13 09:00,4.444314610352608
2025-10-13 10:00,6.853011127356801
2025-10-13 11:00,11.07661221285553
2025-10-13 12:00,17.19475829105541
2025-10-13 13:00,23.21356745483158
2025-10-13 14:00,28.921051153192025
2025-10-13 15:00,31.598887616011858
2025-10-13 16:00,31.59938009644595
2025-10-13 17:00,28.24909436512121
2025-10-13 18:00,22.65039386343962
2025-10-13 19:00,16.268097503892765
2025-10-13 20:00,12.079289173321872
2025-10-13 21:00,8.570875476221264
2025-10-13 22:00,6.627571473090977
2025-10-13 23:00,6.479659439466682
2025-10-14 00:00,6.845904285810597
2025-10-14 01:00,7.30452318983545
2025-10-14 02:00,8.093531340682077
2025-10-14 03:00,8.820981215360241
2025-10-14 04:00,9.016549954534511
2025-10-14 05:00,9.01368372329481
2025-10-14 06:00,8.101662744222512
2025-10-14 07:00,7.172915459703783
2025-10-14 08:00,5.85679671055516
2025-10-14 09:00,4.338482774691787
2025-10-14 10:00,3.1907983670906215
2025-10-14 11:00,2.5100315612535966
2025-10-14 12:00,1.5920839268563722
2025-10-14 13:00,0.8420957281462966
2025-10-14 14:00,0.6602769161063385
2025-10-14 15:00,0.49373997773578016
2025-10-14 16:00,0.3430710660622206
2025-10-14 17:00,0.33510134512835354
2025-10-14 18:00,0.5990637704773883
2025-10-14 19:00,0.9936019798215305
2025-10-14 20:00,1.3527703449129551
2025-10-14 21:00,1.8341445404170234
2025-10-14 22:00,2.1477652060664747
2025-10-14 23:00,2.197491518684616
2025-10-15 00:00,2.1794767566139055
2025-10-15 01:00,2.1713715101753888
2025-10-15 02:00,2.083304216221422
2025-10-15 03:00,2.343078253178122
2025-10-15 04:00,2.521046845086192
2025-10-15 05:00,2.645944584608119
2025-10-15 06:00,2.531820783031254
2025-10-15 07:00,2.1667105375694096
2025-10-15 08:00,1.6677672541287414
2025-10-15 09:00,1.282924293903213
2025-10-15 10:00,0.9702174386235729
2025-10-15 11:00,0.7852657372581836
2025-10-15 12:00,0.7684277419385837
2025-10-15 13:00,0.7603905867514147
2025-10-15 14:00,1.8462246386664407
2025-10-15 15:00,3.6494582435411145
2025-10-15 16:00,6.211009898560789
2025-10-15 17:00,8.447136305431961
2025-10-15 18:00,11.539282156556265
2025-10-15 19:00,14.410332444901417
2025-10-15 20:00,18.698746695141356
2025-10-15 21:00,23.451017107082333
2025-10-15 22:00,29.564380709420835
2025-10-15 23:00,34.947617641730446
2025-10-16 00:00,39.96164349087659
2025-10-16 01:00,42.31546851208773
2025-10-16 02:00,42.91352722287279
2025-10-16 03:00,41.03416235402756
2025-10-16 04:00,36.38679803631523
2025-10-16 05:00,30.36586739523122
2025-10-16 06:00,25.159332671854095
2025-10-16 07:00,19.64561541120225
2025-10-16 08:00,15.076279901823801
2025-10-16 09:00,12.491964707492595
2025-10-16 10:00,11.650492369046779
2025-10-16 11:00,10.494521771623031
2025-10-16 12:00,10.77171324017829
2025-10-16 13:00,12.215960039520796
2025-10-16 14:00,14.0886670300781
2025-10-16 15:00,14.27179211097087
2025-10-16 16:00,14.888123626770243
2025-10-16 17:00,14.561196023808023
2025-10-16 18:00,13.087761355719545
2025-10-16 19:00,12.11680800787445
2025-10-16 20:00,11.220281841697751
2025-10-16 21:00,9.15782755974911
2025-10-16 22:00,8.326107458422863
2025-10-16 23:00,7.925874104691919
2025-10-17 00:00,6.737596538069572
2025-10-17 01:00,6.69312724225405
2025-10-17 02:00,7.186203580144401
2025-10-17 03:00,7.039929841693545
2025-10-17 04:00,6.776932313557855
2025-10-17 05:00,6.938037352618842
2025-10-17 06:00,6.078046008520826
2025-10-17 07:00,5.342567027882714
2025-10-17 08:00,4.587072070742211
2025-10-17 09:00,3.860716195851084
2025-10-17 10:00,3.280386824112189
2025-10-17 11:00,3.5390815756627796
2025-10-17 12:00,3.9771163983026283
2025-10-17 13:00,4.557360465112284
2025-10-17 14:00,5.699634042907208
2025-10-17 15:00,6.8308203760043735
2025-10-17 16:00,8.765385128943846
2025-10-17 17:00,10.831412938192889
2025-10-17 18:00,11.8507247515295
2025-10-17 19:00,14.62949193063639
2025-10-17 20:00,17.30949581812327
2025-10-17 21:00,19.095721560451715
2025-10-17 22:00,21.73381659726214
2025-10-17 23:00,27.77220502605319
2025-10-18 00:00,29.755699172171795
2025-10-18 01:00,32.06393415916982
2025-10-18 02:00,34.04845187598875
2025-10-18 03:00,34.264214136057525
2025-10-18 04:00,30.878619696405547
2025-10-18 05:00,30.342305149542973
2025-10-18 06:00,30.48679501485092
2025-10-18 07:00,31.58282011992309
2025-10-18 08:00,32.95968635257537
2025-10-18 09:00,36.74885213356129
2025-10-18 10:00,40.87151801827652
2025-10-18 11:00,43.67352565588228
2025-10-18 12:00,44.03075168355038
2025-10-18 13:00,44.543225486685856
2025-10-18 14:00,43.20431932177977
2025-10-18 15:00,39.390234875612165
2025-10-18 16:00,34.2692701355309
2025-10-18 17:00,29.629979340879665
2025-10-18 18:00,24.82747969482363
2025-10-18 19:00,19.80298989239874
2025-10-18 20:00,16.126382550873018
2025-10-18 21:00,13.480956245336767
2025-10-18 22:00,10.87017259549133
2025-10-18 23:00,8.532172367928368
2025-10-19 00:00,6.737220561025079
2025-10-19 01:00,4.805000904069285
2025-10-19 02:00,3.1911935534328006
2025-10-19 03:00,3.034435013353454
2025-10-19 04:00,2.6845811047339643
2025-10-19 05:00,2.1603891092210374
2025-10-19 06:00,1.5908853129529839
2025-10-19 07:00,1.2118774989122234
2025-10-19 08:00,0.5884588496160552
2025-10-19 09:00,0.3445068926471257
2025-10-19 10:00,0.8503700920987493
2025-10-19 11:00,2.8752173459406007
2025-10-19 12:00,6.038930012812278
2025-10-19 13:00,11.853237863900688
2025-10-19 14:00,19.547058078542857
2025-10-19 15:00,28.702114209245337
2025-10-19 16:00,37.063817187713724
2025-10-19 17:00,44.699711916231585
2025-10-19 18:00,49.38192402171608
2025-10-19 19:00,52.1596255112614
2025-10-19 20:00,53.31582878949598
2025-10-19 21:00,53.98198875368563
2025-10-19 22:00,54.20464107764269
2025-10-19 23:00,55.01600941926945
2025-10-20 00:00,55.73412401289678
2025-10-20 01:00,55.627951449526144
2025-10-20 02:00,55.16098037509265
2025-10-20 03:00,54.87659170229532
2025-10-20 04:00,53.95406584072284
2025-10-20 05:00,52.60118671450689
2025-10-20 06:00,52.35458446903789
2025-10-20 07:00,51.16497763772833
2025-10-20 08:00,49.372845959962675
2025-10-20 09:00,48.01333131638336
2025-10-20 10:00,46.92663240833364
2025-10-20 11:00,45.28118886993772
2025-10-20 12:00,45.37495360447251
2025-10-20 13:00,45.875416139943084
2025-10-20 14:00,46.79697707511923
2025-10-20 15:00,48.008913281546334
2025-10-20 16:00,49.553766710557134
2025-10-20 17:00,49.9917412272615
2025-10-20 18:00,50.67836301326963
2025-10-20 19:00,50.523446119856985
2025-10-20 20:00,49.475634527759816
2025-10-20 21:00,47.60091415488878
2025-10-20 22:00,45.259588361068175
2025-10-20 23:00,42.23738255277045
2025-10-21 00:00,38.45327991457825
2025-10-21 01:00,36.28943622304124
2025-10-21 02:00,35.04974741832797
2025-10-21 03:00,34.18137867922995
2025-10-21 04:00,32.90332255633053
2025-10-21 05:00,32.269135879048676
2025-10-21 06:00,30.81798913240174
2025-10-21 07:00,29.300755938784686
2025-10-21 08:00,27.953374624386242
2025-10-21 09:00,27.90790381154303
2025-10-21 10:00,28.373727108476874
2025-10-21 11:00,30.576504911651625
2025-10-21 12:00,33.040796229522726
2025-10-21 13:00,36.64657767908027
2025-10-21 14:00,39.9408146572262
2025-10-21 15:00,43.53929915263691
2025-10-21 16:00,45.7427498974768
2025-10-21 17:00,47.09931088692476
2025-10-21 18:00,46.98801679333961
2025-10-21 19:00,46.375402923813354
2025-10-21 20:00,44.44347343220902
2025-10-21 21:00,40.96760095747369
2025-10-21 22:00,37.04581878699916
2025-10-21 23:00,33.61656699547036
2025-10-22 00:00,30.725465184817303
2025-10-22 01:00,28.360614066111747
2025-10-22 02:00,27.09280359500293
2025-10-22 03:00,25.714754636391085
2025-10-22 04:00,23.635701371571088
2025-10-22 05:00,20.78375901207479
2025-10-22 06:00,18.1206535665953
2025-10-22 07:00,15.320880286628821
2025-10-22 08:00,12.951438016022635
2025-10-22 09:00,11.429235427183809
2025-10-22 10:00,10.619929716995937
2025-10-22 11:00,10.068632801886439
2025-10-22 12:00,9.842523476962494
2025-10-22 13:00,10.644754333954015
2025-10-22 14:00,11.658824096890463
2025-10-22 15:00,13.04213309379897
2025-10-22 16:00,14.1711419820199
2025-10-22 17:00,14.586596195641928
2025-10-22 18:00,13.558876680154558
2025-10-22 19:00,12.389523953832501
2025-10-22 20:00,10.48455332726149
2025-10-22 21:00,8.598903451268345
2025-10-22 22:00,7.283940279948797
2025-10-22 23:00,6.814793143138777
2025-10-23 00:00,6.7574128684270125
2025-10-23 01:00,6.9773174742874655
2025-10-23 02:00,7.336051266034029
2025-10-23 03:00,7.5618687423491355
2025-10-23 04:00,6.700393634407405
2025-10-23 05:00,5.315521647273817
2025-10-23 06:00,4.022645925660234
2025-10-23 07:00,2.6664649166165355
2025-10-23 08:00,1.2877726178100892
2025-10-23 09:00,0.90649546717909
2025-10-23 10:00,0.7264592122466469
2025-10-23 11:00,1.20621615809111
2025-10-23 12:00,2.695194008472132
2025-10-23 13:00,5.216295928211524
2025-10-23 14:00,8.900272784356405
2025-10-23 15:00,12.450622095625377
2025-10-23 16:00,14.933654999563066
2025-10-23 17:00,15.713923221260043
2025-10-23 18:00,14.906516886062775
2025-10-23 19:00,12.427865966780578
2025-10-23 20:00,9.516132236648707
2025-10-23 21:00,7.289102241009819
2025-10-23 22:00,6.162332681922251
2025-10-23 23:00,5.414383644294466
2025-10-24 00:00,5.455898016235193
2025-10-24 01:00,6.637131532632365
2025-10-24 02:00,7.053826619424117
2025-10-24 03:00,7.124527458568754
2025-10-24 04:00,7.604114053057512
2025-10-24 05:00,7.708506705997199
2025-10-24 06:00,6.784580826339953
2025-10-24 07:00,6.369249769964948
2025-10-24 08:00,5.898838848897756
2025-10-24 09:00,5.073843556424102
2025-10-24 10:00,4.382258228256051
2025-10-24 11:00,3.773449039300195
2025-10-24 12:00,3.464728056877994
2025-10-24 13:00,4.029119243250598
2025-10-24 14:00,5.791847651161126
2025-10-24 15:00,7.286692323319566
2025-10-24 16:00,8.812889529302392
2025-10-24 17:00,9.879986880904209
2025-10-24 18:00,9.495904115367573
2025-10-24 19:00,7.806891362688328
2025-10-24 20:00,5.983455747776775
2025-10-24 21:00,4.293601652758715
2025-10-24 22:00,2.7860393804518986
2025-10-24 23:00,1.8911097470365816
2025-10-25 00:00,1.6165928920695076
2025-10-25 01:00,1.713207445186108
2025-10-25 02:00,2.037517989765074
2025-10-25 03:00,2.2971302081818687
2025-10-25 04:00,2.671199292019527
2025-10-25 05:00,3.1806827069037693
2025-10-25 06:00,4.549396868349564
2025-10-25 07:00,6.4726400159873005
2025-10-25 08:00,8.137439084110913
2025-10-25 09:00,9.996531705385333
2025-10-25 10:00,11.85998575832851
2025-10-25 11:00,12.940958573355143
2025-10-25 12:00,13.750190137473941
2025-10-25 13:00,15.203379496238806
2025-10-25 14:00,18.39745600289947
2025-10-25 15:00,21.163366528826028
2025-10-25 16:00,23.860920092138965
2025-10-25 17:00,26.305032032690555
2025-10-25 18:00,26.999876305305616
2025-10-25 19:00,25.048794180020405
2025-10-25 20:00,22.578696584846156
2025-10-25 21:00,19.907395737315717
2025-10-25 22:00,16.701011982035748
2025-10-25 23:00,14.558657903999201
2025-10-26 00:00,13.10487152294142
2025-10-26 01:00,12.5060675466866
2025-10-26 02:00,12.696194032680433
2025-10-26 03:00,13.286583631858793
2025-10-26 04:00,13.501493452099002
2025-10-26 05:00,12.800149503336243
2025-10-26 06:00,11.892548785619537
2025-10-26 07:00,10.61765621999418
2025-10-26 08:00,8.739441032012037
2025-10-26 09:00,8.419989741502482
2025-10-26 10:00,9.137528409139728
2025-10-26 11:00,11.29767818267214
2025-10-26 12:00,15.410171144626878
2025-10-26 13:00,20.309980142177984
2025-10-26 14:00,23.68754816822984
2025-10-26 15:00,27.564723656978476
2025-10-26 16:00,28.468350534880454
2025-10-26 17:00,27.23543681881855
2025-10-26 18:00,24.91678760592365
2025-10-26 19:00,22.95062289092838
2025-10-26 20:00,22.113439124918862
2025-10-26 21:00,26.003538015188788
2025-10-26 22:00,32.077036136443745
2025-10-26 23:00,40.085777544572004
2025-10-27 00:00,48.00806638953061
2025-10-27 01:00,54.13220016495264
2025-10-27 02:00,56.37328798193754
2025-10-27 03:00,56.62917111819113
2025-10-27 04:00,55.39690008616333
2025-10-27 05:00,54.304465245864414
2025-10-27 06:00,51.24318064160998
2025-10-27 07:00,47.32326575795632
2025-10-27 08:00,41.877431718463264
2025-10-27 09:00,35.63164540549433
2025-10-27 10:00,29.715849448004498
2025-10-27 11:00,27.197333771133902
2025-10-27 12:00,26.30513178662189
2025-10-27 13:00,27.51083422374584
2025-10-27 14:00,29.464279017405318
2025-10-27 15:00,30.514089392051766
2025-10-27 16:00,30.40447554677299
2025-10-27 17:00,28.7786750566918
2025-10-27 18:00,24.787468222639824
2025-10-27 19:00,21.395187808690576
2025-10-27 20:00,18.917399896029604
2025-10-27 21:00,16.573506019263256
2025-10-27 22:00,14.638498175388841
2025-10-27 23:00,14.210772346733327
2025-10-28 00:00,13.50297051705854
2025-10-28 01:00,14.107702422282653
2025-10-28 02:00,15.033195040301843
2025-10-28 03:00,16.462742599488546
2025-10-28 04:00,16.75187478454237
2025-10-28 05:00,16.59649524180138
2025-10-28 06:00,15.315438823636185
2025-10-28 07:00,13.69296969552031
2025-10-28 08:00,12.356052502338708
2025-10-28 09:00,11.503311666274989
2025-10-28 10:00,11.253100056918145
2025-10-28 11:00,10.588670469447806
2025-10-28 12:00,9.500248927342966
2025-10-28 13:00,8.174314556703033
2025-10-28 14:00,7.167449131081665
2025-10-28 15:00,6.115841999858381
2025-10-28 16:00,4.850683560554694
2025-10-28 17:00,3.4075826398378752
2025-10-28 18:00,2.4881237396291587
2025-10-28 19:00,1.8898426117920977
2025-10-28 20:00,1.4101778081272405
2025-10-28 21:00,1.732057355478501
2025-10-28 22:00,2.343597968971326
2025-10-28 23:00,3.064530128535134
2025-10-29 00:00,3.811845181783414
2025-10-29 01:00,4.728798411976344
2025-10-29 02:00,4.940410712520186
2025-10-29 03:00,4.905429062053294
2025-10-29 04:00,4.495845843772658
2025-10-29 05:00,3.8189841504763193
2025-10-29 06:00,2.7609210575228196
2025-10-29 07:00,1.9253932162722318
2025-10-29 08:00,1.3422154444956178
2025-10-29 09:00,0.9187783173421661
2025-10-29 10:00,0.7435008892096864
2025-10-29 11:00,0.7176087800781381
2025-10-29 12:00,0.6507464560719797
2025-10-29 13:00,0.6177119958620366
2025-10-29 14:00,0.7178697453690484
2025-10-29 15:00,0.809582727990934
2025-10-29 16:00,1.0635133231014753
2025-10-29 17:00,1.2944767119841583
2025-10-29 18:00,1.4686969038240123
2025-10-29 19:00,1.3398260203750292
2025-10-29 20:00,1.350540936072147
2025-10-29 21:00,1.1163648238500525
2025-10-29 22:00,0.937592717416007
2025-10-29 23:00,0.9264380636160097
2025-10-30 00:00,0.9785587880165547
2025-10-30 01:00,0.9938381120557398
2025-10-30 02:00,1.246786456271331
2025-10-30 03:00,1.4800890704116436
2025-10-30 04:00,1.5861482628851995
2025-10-30 05:00,1.6956600467766212
2025-10-30 06:00,1.8702741018509024
2025-10-30 07:00,1.633848029779146
2025-10-30 08:00,1.390754677592729
2025-10-30 09:00,1.0288740275126311
2025-10-30 10:00,0.7618555167321392
2025-10-30 11:00,0.37401374252354913
2025-10-30 12:00,0.3093554100495699
2025-10-30 13:00,0.27664522145311726
2025-10-30 14:00,0.481165924703754
2025-10-30 15:00,0.9004833487323664
2025-10-30 16:00,1.181881744100122
2025-10-30 17:00,1.5100952756534096
2025-10-30 18:00,1.9236734399240265
2025-10-30 19:00,2.2513428308681207
2025-10-30 20:00,2.2879653490947414
2025-10-30 21:00,2.277921038771674
2025-10-30 22:00,2.338131207228097
2025-10-30 23:00,2.4077797522320123
2025-10-31 00:00,2.742041174668252
2025-10-31 01:00,2.7614899807784243
2025-10-31 02:00,3.1719702114122503
2025-10-31 03:00,3.176243082756236
2025-10-31 04:00,3.0286439577999245
2025-10-31 05:00,2.6694169955408
2025-10-31 06:00,2.395404056656885
2025-10-31 07:00,1.7935583506899477
2025-10-31 08:00,1.3414454179534245
2025-10-31 09:00,0.9626123898553651
2025-10-31 10:00,0.4824924740409422
2025-10-31 11:00,0.39545945651690445
2025-10-31 12:00,0.9967474137953749
2025-10-31 13:00,2.0110162568759122
2025-10-31 14:00,3.1579857437061256
2025-10-31 15:00,4.669770358430336
2025-10-31 16:00,5.834612867531082
2025-10-31 17:00,6.465695176976932
2025-10-31 18:00,6.000947914125058
2025-10-31 19:00,5.5487976257885006
2025-10-31 20:00,5.488409100450693
2025-10-31 21:00,5.643953462083543
2025-10-31 22:00,6.46596231569752
2025-10-31 23:00,8.623023927942006
2025-11-01 00:00,10.038547899499253
2025-11-01 01:00,10.729411213134814
2025-11-01 02:00,13.211007819588229
2025-11-01 03:00,15.28363345680587
2025-11-01 04:00,16.49173566006322
2025-11-01 05:00,19.484197410027047
2025-11-01 06:00,24.107537305896674
2025-11-01 07:00,25.5822121030358
2025-11-01 08:00,26.849242400858667
2025-11-01 09:00,27.988191462407087
2025-11-01 10:00,27.695438684042323
2025-11-01 11:00,25.353462685458346
2025-11-01 12:00,24.354261095328674
2025-11-01 13:00,23.262400485321614
2025-11-01 14:00,23.120540320159126
2025-11-01 15:00,22.274612401600685
2025-11-01 16:00,21.70717432012672
2025-11-01 17:00,21.414914665345126
2025-11-01 18:00,20.930801137337575
2025-11-01 19:00,21.254279277732365
2025-11-01 20:00,23.984673192103156
2025-11-01 21:00,28.2623559814627
2025-11-01 22:00,32.17283964140281
2025-11-01 23:00,35.8103243558386
2025-11-02 00:00,39.089215319223094
2025-11-02 01:00,40.74358414401634
2025-11-02 02:00,40.848531473452695
2025-11-02 03:00,42.72072590122376
2025-11-02 04:00,46.12531465261659
2025-11-02 05:00,48.79937715575753
2025-11-02 06:00,51.43842031412902
2025-11-02 07:00,54.25735451492238
2025-11-02 08:00,56.22744056424792
2025-11-02 09:00,56.68286650560475
2025-11-02 10:00,57.3164423327389
2025-11-02 11:00,57.923825796986954
2025-11-02 12:00,58.231022304376246
2025-11-02 13:00,57.978788175626434
2025-11-02 14:00,58.49963842689732
2025-11-02 15:00,58.36892017349555
2025-11-02 16:00,58.22502549441815
2025-11-02 17:00,58.003444410563034
2025-11-02 18:00,57.77496034719009
2025-11-02 19:00,57.51697655861892
2025-11-02 20:00,57.002194233753926
2025-11-02 21:00,56.50462168837659
2025-11-02 22:00,56.08959906205365
2025-11-02 23:00,54.71979783515923
2025-11-03 00:00,52.46048258496786
2025-11-03 01:00,49.81175790453726
2025-11-03 02:00,44.62834919861693
2025-11-03 03:00,36.92722192994272
2025-11-03 04:00,29.01178275746932
2025-11-03 05:00,20.88713586900976
2025-11-03 06:00,13.363154134808918
2025-11-03 07:00,8.689228923440321
2025-11-03 08:00,6.639856109363774
2025-11-03 09:00,5.2746357243733675
2025-11-03 10:00,4.228369657858716
2025-11-03 11:00,3.5888024446292177
2025-11-03 12:00,2.717199195405513
2025-11-03 13:00,2.037215779560927
2025-11-03 14:00,1.7160433542631115
2025-11-03 15:00,1.9523419277348382
2025-11-03 16:00,1.9272478582099744
2025-11-03 17:00,2.017227146342281
2025-11-03 18:00,2.0123088935086524
2025-11-03 19:00,1.873739177075339
2025-11-03 20:00,1.718256642493433
2025-11-03 21:00,1.560109073230868
2025-11-03 22:00,1.3940687642548106
2025-11-03 23:00,1.2587932535530808
2025-11-04 00:00,1.3907309764338236
2025-11-04 01:00,1.3670459647819515
2025-11-04 02:00,1.5924835963443162
2025-11-04 03:00,1.8834974324380886
2025-11-04 04:00,1.9508274601357756
2025-11-04 05:00,1.85295362865824
2025-11-04 06:00,1.7099242646485053
2025-11-04 07:00,1.357208132149172
2025-11-04 08:00,0.9904790485977772
2025-11-04 09:00,0.7718228340474486
2025-11-04 10:00,0.5449543139245487
2025-11-04 11:00,0.5445528270212618
2025-11-04 12:00,0.8822511725496394
2025-11-04 13:00,1.5624881151821097
2025-11-04 14:00,2.4181634827241583
2025-11-04 15:00,4.1030589106059665
2025-11-04 16:00,6.153145390852856
2025-11-04 17:00,8.235754033213723
2025-11-04 18:00,9.061866662187162
2025-11-04 19:00,9.682838948956354
2025-11-04 20:00,8.994095721060516
2025-11-04 21:00,7.627087656483839
2025-11-04 22:00,6.241393206733943
2025-11-04 23:00,5.681157941499631
2025-11-05 00:00,5.401633841100529
2025-11-05 01:00,5.435057481432034
2025-11-05 02:00,6.003358880350875
2025-11-05 03:00,6.033377214884253
2025-11-05 04:00,5.546578138592695
2025-11-05 05:00,4.782590883775684
2025-11-05 06:00,4.135060689802701
2025-11-05 07:00,3.1871615713627204
2025-11-05 08:00,2.4891762893710556
2025-11-05 09:00,2.1809476775652756
2025-11-05 10:00,2.031177796665781
2025-11-05 11:00,2.2072910407274007
2025-11-05 12:00,2.813627593609481
2025-11-05 13:00,3.889782707018168
2025-11-05 14:00,5.883869723481941
2025-11-05 15:00,7.724574957011015
2025-11-05 16:00,10.019355230964422
2025-11-05 17:00,11.053985939063825
2025-11-05 18:00,11.203139930578452
2025-11-05 19:00,10.040880938459125
2025-11-05 20:00,8.596774860168006
2025-11-05 21:00,6.6227745650969325
2025-11-05 22:00,5.52936633085187
2025-11-05 23:00,5.016910320982734
2025-11-06 00:00,4.798393521776096
2025-11-06 01:00,5.173716974422902
2025-11-06 02:00,5.440124317439418
2025-11-06 03:00,5.077782181497118
2025-11-06 04:00,4.519195593909419
2025-11-06 05:00,4.651154311005312
2025-11-06 06:00,4.78224517565266
2025-11-06 07:00,4.846065783132152
2025-11-06 08:00,5.486297962168141
2025-11-06 09:00,6.450845462573679
2025-11-06 10:00,8.049324204583233
2025-11-06 11:00,10.462036338276722
2025-11-06 12:00,13.53021787897786
2025-11-06 13:00,16.93374294163383
2025-11-06 14:00,19.098199014807413
2025-11-06 15:00,19.01563102222237
2025-11-06 16:00,17.492152703885967
2025-11-06 17:00,15.094917467785379
2025-11-06 18:00,11.94939529900121
2025-11-06 19:00,9.159870495169354
2025-11-06 20:00,7.2593656694476865
2025-11-06 21:00,5.723852201381542
2025-11-06 22:00,3.9341887488071756
2025-11-06 23:00,2.4572025292549293
2025-11-07 00:00,1.5897912049061929
2025-11-07 01:00,1.0512245826435036
2025-11-07 02:00,0.5311538249971833
2025-11-07 03:00,0.4644549863627258
2025-11-07 04:00,0.5439919361983958
2025-11-07 05:00,0.5689796797549377
2025-11-07 06:00,0.5536656402736094
2025-11-07 07:00,0.4986051684079545
2025-11-07 08:00,0.41226480249203795
2025-11-07 09:00,0.2380540976224162
2025-11-07 10:00,0.12902538503774688
2025-11-07 11:00,0.06746683068334831
2025-11-07 12:00,0.06698221861825628
2025-11-07 13:00,0.04652812982977257
2025-11-07 14:00,0.07331198115880576
2025-11-07 15:00,0.47970869743159456
2025-11-07 16:00,0.9046458957238649
2025-11-07 17:00,1.3810424678303233
2025-11-07 18:00,1.6669416023806558
2025-11-07 19:00,2.0495438066599663
2025-11-07 20:00,1.9648039576460268
2025-11-07 21:00,1.9973248446195544
2025-11-07 22:00,2.066726574467036
2025-11-07 23:00,2.851879463317862
2025-11-08 00:00,3.7514841896190942
2025-11-08 01:00,5.072431955733677
2025-11-08 02:00,6.668903105695217
2025-11-08 03:00,8.306378269487869
2025-11-08 04:00,9.384002733194867
2025-11-08 05:00,9.986195905958581
2025-11-08 06:00,10.354631876300587
2025-11-08 07:00,10.522620742645685
2025-11-08 08:00,10.148262772580276
2025-11-08 09:00,9.630385987712113
2025-11-08 10:00,9.247327674260129
2025-11-08 11:00,8.444109762511347
2025-11-08 12:00,6.969224067593994
2025-11-08 13:00,5.806034598742169
2025-11-08 14:00,4.91213857737461
2025-11-08 15:00,4.486661041430134
2025-11-08 16:00,4.916219110311874
2025-11-08 17:00,6.851497368504921
2025-11-08 18:00,9.400209528712034
2025-11-08 19:00,11.260204308656098
2025-11-08 20:00,13.791525008381052
2025-11-08 21:00,14.529973612920742
2025-11-08 22:00,13.503148298343177
2025-11-08 23:00,11.65120656202408
2025-11-09 00:00,10.077409600849437
2025-11-09 01:00,8.177069436805722
2025-11-09 02:00,7.491423360902289
2025-11-09 03:00,7.462232858961244
2025-11-09 04:00,8.046079466400801
2025-11-09 05:00,9.336772337849247
2025-11-09 06:00,9.538620854229844
2025-11-09 07:00,10.46321736504881
2025-11-09 08:00,10.67748987828799
2025-11-09 09:00,10.378649146968659
2025-11-09 10:00,10.378815172284806
2025-11-09 11:00,11.195230261512114
2025-11-09 12:00,11.213465120567017
2025-11-09 13:00,11.49725980658867
2025-11-09 14:00,12.37662091672432
2025-11-09 15:00,12.449516876000924
2025-11-09 16:00,12.792017157200188
2025-11-09 17:00,17.624552028108095
2025-11-09 18:00,24.311357174478253
2025-11-09 19:00,32.3467931668904
2025-11-09 20:00,41.33243154224154
2025-11-09 21:00,49.517154641810734
2025-11-09 22:00,53.21387942307588
2025-11-09 23:00,55.753333124652215
2025-11-10 00:00,56.46465739797363
2025-11-10 01:00,55.76581801332763
2025-11-10 02:00,55.01077512558574
2025-11-10 03:00,55.096776320153296
2025-11-10 04:00,55.36495173405708
2025-11-10 05:00,54.423443132204355
2025-11-10 06:00,54.01876199893661
2025-11-10 07:00,53.77948917254902
2025-11-10 08:00,53.08948319524675
2025-11-10 09:00,51.12215820162614
2025-11-10 10:00,50.5481335165613
2025-11-10 11:00,49.88658696218973
2025-11-10 12:00,48.420994467299344
2025-11-10 13:00,46.081603867229845
2025-11-10 14:00,42.959057964402675
2025-11-10 15:00,39.35427770780732
2025-11-10 16:00,33.22827222781274
2025-11-10 17:00,27.24078328918098
2025-11-10 18:00,21.627822288958967
2025-11-10 19:00,18.035173470279698
2025-11-10 20:00,14.80064073260416
2025-11-10 21:00,14.117955067854922
2025-11-10 22:00,14.293721081267597
2025-11-10 23:00,14.322878885528956
2025-11-11 00:00,13.900345249984394
2025-11-11 01:00,13.532844686752188
2025-11-11 02:00,13.865548369536253
2025-11-11 03:00,13.77756910395404
2025-11-11 04:00,13.773863455714764
2025-11-11 05:00,13.733524475153867
2025-11-11 06:00,12.920972493793968
2025-11-11 07:00,11.222946854467128
2025-11-11 08:00,9.443886966929961
2025-11-11 09:00,8.160541155078358
2025-11-11 10:00,7.170745613158924
2025-11-11 11:00,7.440380010783107
2025-11-11 12:00,7.933254577349295
2025-11-11 13:00,9.021947597820983
2025-11-11 14:00,9.971815278240076
2025-11-11 15:00,10.507239387121308
2025-11-11 16:00,10.823901386134628
2025-11-11 17:00,10.91458075167122
2025-11-11 18:00,10.301347576379559
2025-11-11 19:00,9.558733266015865
2025-11-11 20:00,8.774775277647825
2025-11-11 21:00,8.409912216325761
2025-11-11 22:00,7.612454252386584
2025-11-11 23:00,6.901261154239981
2025-11-12 00:00,6.052385675063926
2025-11-12 01:00,5.72592983036648
2025-11-12 02:00,4.618411624691367
2025-11-12 03:00,4.4412994121068605
2025-11-12 04:00,4.286248857699558
2025-11-12 05:00,4.075718406554685
2025-11-12 06:00,3.4857468994422156
2025-11-12 07:00,2.9479650294691195
2025-11-12 08:00,2.0331776608174525
2025-11-12 09:00,1.4256760813195186
2025-11-12 10:00,1.1235768759222051
2025-11-12 11:00,0.9972243929909187
2025-11-12 12:00,0.9259611714894698
2025-11-12 13:00,1.5093049336550535
2025-11-12 14:00,2.753958894368659
2025-11-12 15:00,3.9776998171014837
2025-11-12 16:00,5.836580063072219
2025-11-12 17:00,7.459692770657876
2025-11-12 18:00,7.9204083069628215
2025-11-12 19:00,7.3023637505740355
2025-11-12 20:00,6.671976808300516
2025-11-12 21:00,5.381309752963939
2025-11-12 22:00,5.068182776533287
2025-11-12 23:00,5.463921297319585
2025-11-13 00:00,6.384551215665637
2025-11-13 01:00,7.4662715937320225
2025-11-13 02:00,8.677025211185782
2025-11-13 03:00,8.580176529256928
2025-11-13 04:00,8.045215910199857
2025-11-13 05:00,7.224553816661475
2025-11-13 06:00,5.677353103632751
2025-11-13 07:00,3.949084034835638
2025-11-13 08:00,2.9697201120973085
2025-11-13 09:00,2.4795485896498937
2025-11-13 10:00,2.643605569151662
2025-11-13 11:00,4.2787778830563905
2025-11-13 12:00,6.396840933114918
2025-11-13 13:00,8.695804508626484
2025-11-13 14:00,12.797748500611963
2025-11-13 15:00,17.080980916209214
2025-11-13 16:00,20.589098600198806
2025-11-13 17:00,22.702854966898894
2025-11-13 18:00,24.137516556605
2025-11-13 19:00,23.275945262930357
2025-11-13 20:00,22.322717113610327
2025-11-13 21:00,20.48124982573411
2025-11-13 22:00,18.390096499171996
2025-11-13 23:00,16.12842664676728
2025-11-14 00:00,14.397379541185419
2025-11-14 01:00,12.121260192837504
2025-11-14 02:00,10.552446536851125
2025-11-14 03:00,10.231911415982944
2025-11-14 04:00,10.429152100438932
2025-11-14 05:00,10.601740601897935
2025-11-14 06:00,10.67772494770862
2025-11-14 07:00,10.918977777270603
2025-11-14 08:00,11.719134862680987
2025-11-14 09:00,12.027159330331386
2025-11-14 10:00,11.993354581456318
2025-11-14 11:00,12.691780591499873
2025-11-14 12:00,13.206984478407975
2025-11-14 13:00,13.756593502993226
2025-11-14 14:00,15.43043876665593
2025-11-14 15:00,17.397526443560395
2025-11-14 16:00,18.27524594856906
2025-11-14 17:00,18.46949863742074
2025-11-14 18:00,17.02724954704147
2025-11-14 19:00,14.617019726812341
2025-11-14 20:00,12.207424647103087
2025-11-14 21:00,10.145773278337618
2025-11-14 22:00,8.626450787814278
2025-11-14 23:00,8.121753081811807
2025-11-15 00:00,8.090933857641984
2025-11-15 01:00,8.27562925438569
2025-11-15 02:00,8.201425689875055
2025-11-15 03:00,7.97460609984784
2025-11-15 04:00,7.269426123068388
2025-11-15 05:00,6.190571561983525
2025-11-15 06:00,4.729076681480616
2025-11-15 07:00,3.283269599659223
2025-11-15 08:00,2.117181232133808
2025-11-15 09:00,1.6030807413519732
2025-11-15 10:00,1.2297013186993417
2025-11-15 11:00,1.0403479606642339
2025-11-15 12:00,1.1762872880747104
2025-11-15 13:00,1.619853900981591
2025-11-15 14:00,2.404522014808257
2025-11-15 15:00,3.2654759834658806
2025-11-15 16:00,3.9752499143517697
2025-11-15 17:00,4.475382239941601
2025-11-15 18:00,4.503834605164449
2025-11-15 19:00,3.895897705323513
2025-11-15 20:00,2.992921743037475
2025-11-15 21:00,2.139425042177947
2025-11-15 22:00,1.4725181908825307
2025-11-15 23:00,1.0657605139126658
2025-11-16 00:00,0.8395060594770204
2025-11-16 01:00,0.8125644716462235
2025-11-16 02:00,0.7824716891185919
2025-11-16 03:00,0.7953750899519682
2025-11-16 04:00,0.7868897167601189
2025-11-16 05:00,0.7890499365586433
2025-11-16 06:00,0.7222477074019575
2025-11-16 07:00,0.6869671263751117
2025-11-16 08:00,0.6903193454787058
2025-11-16 09:00,0.9303256515042481
2025-11-16 10:00,1.2906287521450694
2025-11-16 11:00,1.8753393493159733
2025-11-16 12:00,2.3598770033325556
2025-11-16 13:00,2.804461299131058
2025-11-16 14:00,3.1414142498144195
2025-11-16 15:00,3.2365510403911495
2025-11-16 16:00,3.3557965535381404
2025-11-16 17:00,4.172609172911903
2025-11-16 18:00,5.353543827175679
2025-11-16 19:00,7.351989700393553
2025-11-16 20:00,10.5720204740954
2025-11-16 21:00,15.826952627892549
2025-11-16 22:00,21.67783589799954
2025-11-16 23:00,29.830733749589704
2025-11-17 00:00,38.52879871733718
2025-11-17 01:00,45.646615767974104
2025-11-17 02:00,50.63812995588363
2025-11-17 03:00,54.584174227245214
2025-11-17 04:00,55.91164178407972
2025-11-17 05:00,55.369617103612065
2025-11-17 06:00,55.03092984139619
2025-11-17 07:00,54.54543485628567
2025-11-17 08:00,54.141663594908344
2025-11-17 09:00,53.49909528499605
2025-11-17 10:00,53.23484202851144
2025-11-17 11:00,53.342852710035416
2025-11-17 12:00,53.79918884290748
2025-11-17 13:00,53.89015346150254
2025-11-17 14:00,54.04175239112423
2025-11-17 15:00,53.955965004274084
2025-11-17 16:00,53.81125342367001
2025-11-17 17:00,53.255978304300356
2025-11-17 18:00,52.806484924401204
2025-11-17 19:00,52.56878627214835
2025-11-17 20:00,52.22839124850888
2025-11-17 21:00,52.08792868220655
2025-11-17 22:00,51.884835266574655
2025-11-17 23:00,52.747170404716044
2025-11-18 00:00,53.339808835268606
2025-11-18 01:00,53.35443739325643
2025-11-18 02:00,53.729995693773354
2025-11-18 03:00,53.87396491178574
2025-11-18 04:00,52.19333690026773
2025-11-18 05:00,49.37365927398718
2025-11-18 06:00,46.00603562309061
2025-11-18 07:00,42.93615013061127
2025-11-18 08:00,41.75187092117803
2025-11-18 09:00,41.91819318036305
2025-11-18 10:00,42.7897523239412
2025-11-18 11:00,44.93689638780861
2025-11-18 12:00,45.171824598216105
2025-11-18 13:00,44.14077620553862
2025-11-18 14:00,42.2229850009696
2025-11-18 15:00,39.69492643095108
2025-11-18 16:00,38.65316908204672
2025-11-18 17:00,39.31427259022282
2025-11-18 18:00,37.77550094440751
2025-11-18 19:00,34.91268993399116
2025-11-18 20:00,32.950388522439205
2025-11-18 21:00,28.05812984182581
2025-11-18 22:00,22.10169343722665
2025-11-18 23:00,18.080969361499015
2025-11-19 00:00,14.749368439186549
2025-11-19 01:00,11.271373873652852
2025-11-19 02:00,9.587078694372234
2025-11-19 03:00,7.914805057488948
2025-11-19 04:00,6.18455112380286
2025-11-19 05:00,5.654553220973955
2025-11-19 06:00,5.3917515364361375
2025-11-19 07:00,4.366594072223033
2025-11-19 08:00,3.575152965197403
2025-11-19 09:00,3.030668865735254
2025-11-19 10:00,2.0088532252363676
2025-11-19 11:00,1.1866170884263563
2025-11-19 12:00,1.1331773665960507
2025-11-19 13:00,1.3257389402624433
2025-11-19 14:00,1.425371990487628
2025-11-19 15:00,1.930665806139671
2025-11-19 16:00,2.290395662251692
2025-11-19 17:00,2.217646276607873
2025-11-19 18:00,1.9719366492694932
2025-11-19 19:00,1.6659843768454725
2025-11-19 20:00,1.236838583219335
2025-11-19 21:00,1.0130459996866423
2025-11-19 22:00,0.9516086717385488
2025-11-19 23:00,1.0905089352289767
2025-11-20 00:00,1.3156554741341584
2025-11-20 01:00,1.5351505762317073
2025-11-20 02:00,1.7004602426879671
2025-11-20 03:00,2.1265471981201745
2025-11-20 04:00,2.0553197578992557
2025-11-20 05:00,2.1511081549429973
2025-11-20 06:00,2.334318357313843
2025-11-20 07:00,2.5933608774588106
2025-11-20 08:00,2.9196528294461603
2025-11-20 09:00,4.339649589280984
2025-11-20 10:00,5.460832700895806
2025-11-20 11:00,7.0666854651043876
2025-11-20 12:00,8.665642196482624
2025-11-20 13:00,10.15315142763662
2025-11-20 14:00,10.516071415367916
2025-11-20 15:00,11.20831086508716
2025-11-20 16:00,13.118555033987633
2025-11-20 17:00,17.165031910691333
2025-11-20 18:00,21.33430546851232
2025-11-20 19:00,25.37197881966876
2025-11-20 20:00,29.529835314816864
2025-11-20 21:00,30.78723686738042
2025-11-20 22:00,29.659307499415245
2025-11-20 23:00,27.770805140644438
2025-11-21 00:00,25.027947671154514
2025-11-21 01:00,21.64377688556175
2025-11-21 02:00,18.442314150795767
2025-11-21 03:00,14.807632097051492
2025-11-21 04:00,11.734198245713676
2025-11-21 05:00,9.271099158605322
2025-11-21 06:00,6.6596930440211635
2025-11-21 07:00,4.796553559295441
2025-11-21 08:00,3.384258240532735
2025-11-21 09:00,2.0098554675467413
2025-11-21 10:00,1.8474403258509977
2025-11-21 11:00,2.3715182154921677
2025-11-21 12:00,3.1780460216616087
2025-11-21 13:00,4.153241686701215
2025-11-21 14:00,5.211990486727152
2025-11-21 15:00,5.62573359062708
2025-11-21 16:00,5.882724523344291
2025-11-21 17:00,5.764721842099073
2025-11-21 18:00,5.820925454560622
2025-11-21 19:00,5.514208407866643
2025-11-21 20:00,5.373950897462031
2025-11-21 21:00,4.9947559289865655
2025-11-21 22:00,4.454814077563838
2025-11-21 23:00,3.887073295522974
2025-11-22 00:00,3.5470092785692406
2025-11-22 01:00,3.151239395266986
2025-11-22 02:00,2.577218883588391
2025-11-22 03:00,2.5076790387267964
2025-11-22 04:00,2.279035860090773
2025-11-22 05:00,1.8989213451895215
2025-11-22 06:00,1.424557841947421
2025-11-22 07:00,1.3756298900914823
2025-11-22 08:00,1.0293565219437881
2025-11-22 09:00,0.6802525589741626
2025-11-22 10:00,0.589538352588385
2025-11-22 11:00,0.7278010289492347
2025-11-22 12:00,0.9890772857927793
2025-11-22 13:00,1.6653549971387314
2025-11-22 14:00,2.642707799095734
2025-11-22 15:00,3.2482693284724684
2025-11-22 16:00,3.160238704946802
2025-11-22 17:00,2.7524849810598675
2025-11-22 18:00,2.5129967395713035
2025-11-22 19:00,1.9320866471129652
2025-11-22 20:00,1.8046621365085755
2025-11-22 21:00,2.1245603374097195
2025-11-22 22:00,2.5845049409911645
2025-11-22 23:00,2.9366694169900622
2025-11-23 00:00,3.58412493086139
2025-11-23 01:00,4.349883216199681
2025-11-23 02:00,5.736538610155807
2025-11-23 03:00,6.475424488174008
2025-11-23 04:00,7.464830081643311
2025-11-23 05:00,7.967062729412125
2025-11-23 06:00,8.107269059573754
2025-11-23 07:00,7.793175976441189
2025-11-23 08:00,8.64141920888531
2025-11-23 09:00,9.16175789720905
2025-11-23 10:00,9.757878992530763
2025-11-23 11:00,10.354256844865676
2025-11-23 12:00,10.622551242493643
2025-11-23 13:00,10.328645346668033
2025-11-23 14:00,10.204053911795361
2025-11-23 15:00,10.52030376006007
2025-11-23 16:00,11.641095354875912
2025-11-23 17:00,12.882550893577132
2025-11-23 18:00,14.155636824980823
2025-11-23 19:00,14.843042672465307
2025-11-23 20:00,14.861052756267435
2025-11-23 21:00,13.869416842100994
2025-11-23 22:00,13.316840451365653
2025-11-23 23:00,12.542177420075683
2025-11-24 00:00,12.05557580640594
2025-11-24 01:00,12.088477841617756
2025-11-24 02:00,12.743658645977135
2025-11-24 03:00,13.190035290114992
2025-11-24 04:00,13.828168855669734
2025-11-24 05:00,15.208603024500718
2025-11-24 06:00,16.19648751008219
2025-11-24 07:00,16.912035855772114
2025-11-24 08:00,17.793704978271098
2025-11-24 09:00,17.63916598990068
2025-11-24 10:00,16.20637450338363
2025-11-24 11:00,15.31388533912885
2025-11-24 12:00,13.933598185105094
2025-11-24 13:00,12.341644092857646
2025-11-24 14:00,11.400607087981024
2025-11-24 15:00,10.751483116243767
2025-11-24 16:00,9.570426452454125
2025-11-24 17:00,8.60025297481009
2025-11-24 18:00,7.101497399655878
2025-11-24 19:00,6.327973094772073
2025-11-24 20:00,6.352138103820969
2025-11-24 21:00,7.0047341396049605
2025-11-24 22:00,7.360023479181798
2025-11-24 23:00,8.514393206034608
2025-11-25 00:00,9.652140813860397
2025-11-25 01:00,10.549668134697201
2025-11-25 02:00,12.637478108586977
2025-11-25 03:00,18.039010531512233
2025-11-25 04:00,23.649210127559005
2025-11-25 05:00,31.796340544822186
2025-11-25 06:00,40.22143135117152
2025-11-25 07:00,47.399864574451655
2025-11-25 08:00,51.98103430438327
2025-11-25 09:00,56.54873925627113
2025-11-25 10:00,57.88801106581961
2025-11-25 11:00,58.7667379078091
2025-11-25 12:00,59.38246287379385
2025-11-25 13:00,59.83295338000556
2025-11-25 14:00,59.93069714728794
2025-11-25 15:00,60.03956602847536
2025-11-25 16:00,59.99990063504384
2025-11-25 17:00,59.51644303280551
2025-11-25 18:00,58.479133957715455
2025-11-25 19:00,56.7899186169603
2025-11-25 20:00,54.722004669651234
2025-11-25 21:00,50.45703033243818
2025-11-25 22:00,43.6200180906405
2025-11-25 23:00,36.13151262987951
2025-11-26 00:00,28.558211139661132
2025-11-26 01:00,21.009119550664376
2025-11-26 02:00,15.120814862325934
2025-11-26 03:00,11.856964937850258
2025-11-26 04:00,9.72760673793273
2025-11-26 05:00,7.704212375372707
2025-11-26 06:00,6.080475588383618
2025-11-26 07:00,4.890785669345656
2025-11-26 08:00,3.736381508665821
2025-11-26 09:00,2.4347023205725966
2025-11-26 10:00,1.668812700038524
2025-11-26 11:00,1.2707728308140323
2025-11-26 12:00,1.0491888173761055
2025-11-26 13:00,1.2514963676753041
2025-11-26 14:00,1.5132841638348868
2025-11-26 15:00,1.5266024661435504
2025-11-26 16:00,1.3775440183440224
2025-11-26 17:00,1.1512015877647084
2025-11-26 18:00,0.8043807767400593
2025-11-26 19:00,0.7249328577799703
2025-11-26 20:00,0.8000748540198191
2025-11-26 21:00,1.2068228768705915
2025-11-26 22:00,2.780937382987992
2025-11-26 23:00,5.042105924591451
2025-11-27 00:00,9.941095647872533
2025-11-27 01:00,16.1248039992992
2025-11-27 02:00,24.07867063620168
2025-11-27 03:00,31.16451856483917
2025-11-27 04:00,38.29063887801342
2025-11-27 05:00,43.074273422036185
2025-11-27 06:00,47.39396249213705
2025-11-27 07:00,50.0245056042147
2025-11-27 08:00,51.83071176185791
2025-11-27 09:00,53.803703373733626
2025-11-27 10:00,55.74757989705946
2025-11-27 11:00,56.96537999975718
2025-11-27 12:00,57.68857417253427
2025-11-27 13:00,58.48088286068469
2025-11-27 14:00,58.776842280087635
2025-11-27 15:00,58.91510779885287
2025-11-27 16:00,58.77132337600508
2025-11-27 17:00,58.81206207002098
2025-11-27 18:00,59.104663954194294
2025-11-27 19:00,58.7633001411585
2025-11-27 20:00,57.924569375302454
2025-11-27 21:00,57.14377660442369
2025-11-27 22:00,56.49436053708737
2025-11-27 23:00,55.43095801870445
2025-11-28 00:00,54.64987445083019
2025-11-28 01:00,53.84523648404386
2025-11-28 02:00,52.6309663653726
2025-11-28 03:00,49.763362558283234
2025-11-28 04:00,45.44071450649464
2025-11-28 05:00,39.85053303592763
2025-11-28 06:00,33.607703723826035
2025-11-28 07:00,26.638736518218764
2025-11-28 08:00,20.63666353830198
2025-11-28 09:00,16.069191429575383
2025-11-28 10:00,12.206098287885041
2025-11-28 11:00,9.210367705253862
2025-11-28 12:00,7.339542808312606
2025-11-28 13:00,6.347783220083235
2025-11-28 14:00,5.777401028038392
2025-11-28 15:00,5.6078346367777545
2025-11-28 16:00,5.025028209272081
2025-11-28 17:00,4.533155921700784
2025-11-28 18:00,3.6646745238928005
2025-11-28 19:00,3.044305665122857
2025-11-28 20:00,2.5061035441563453
2025-11-28 21:00,2.2100452104382833
2025-11-28 22:00,2.071524706141372
2025-11-28 23:00,2.054643883174421
2025-11-29 00:00,1.8644853609870053
2025-11-29 01:00,1.6914583021872147
2025-11-29 02:00,1.91864948005029
2025-11-29 03:00,2.258196204747153
2025-11-29 04:00,2.793586425852746
2025-11-29 05:00,3.954081656455368
2025-11-29 06:00,5.286084548694079
2025-11-29 07:00,7.27061458675423
2025-11-29 08:00,10.579418049778957
2025-11-29 09:00,14.673095640117202
2025-11-29 10:00,19.42981726569628
2025-11-29 11:00,25.429802331224337
2025-11-29 12:00,31.229470648127325
2025-11-29 13:00,36.04969054633361
2025-11-29 14:00,39.95315447261937
2025-11-29 15:00,42.02081956912498
2025-11-29 16:00,41.983104863370315
2025-11-29 17:00,41.20711470136151
2025-11-29 18:00,39.931333973531295
2025-11-29 19:00,38.226828815099715
2025-11-29 20:00,36.98450005224949
2025-11-29 21:00,36.221815925291786
2025-11-29 22:00,36.943863336346304
2025-11-29 23:00,36.201682059727915
2025-11-30 00:00,35.38224325060513
2025-11-30 01:00,33.03863448289161
2025-11-30 02:00,29.671481357754324
2025-11-30 03:00,23.963986978771157
2025-11-30 04:00,19.51880118054229
2025-11-30 05:00,15.6089468274523
2025-11-30 06:00,13.707315708107112
2025-11-30 07:00,12.571817680796304
2025-11-30 08:00,12.680473156774093
2025-11-30 09:00,13.549681919077718
2025-11-30 10:00,15.990754461789612
2025-11-30 11:00,17.858677193135712
2025-11-30 12:00,20.041339540814185
2025-11-30 13:00,22.983444725107837
2025-11-30 14:00,25.587743533855487
2025-11-30 15:00,26.63579962397056
2025-11-30 16:00,27.682248632118153
2025-11-30 17:00,29.44718798466095
2025-11-30 18:00,29.489496179500527
2025-11-30 19:00,27.732326813386514
2025-11-30 20:00,24.93241064178842
2025-11-30 21:00,22.964684071702898
2025-11-30 22:00,22.67805752135701
2025-11-30 23:00,23.917102986915417
2025-12-01 00:00,27.930556406811142
2025-12-01 01:00,33.55746223135115
2025-12-01 02:00,37.546055734622044
2025-12-01 03:00,38.22955695516801
2025-12-01 04:00,36.98749163179695
2025-12-01 05:00,32.60317292352347
2025-12-01 06:00,27.366001507153733
2025-12-01 07:00,23.53871607404527
2025-12-01 08:00,20.60835137925549
2025-12-01 09:00,19.232994339402616
2025-12-01 10:00,20.177648597224497
2025-12-01 11:00,23.334030741525634
2025-12-01 12:00,25.849292707968544
2025-12-01 13:00,28.656660145706404
2025-12-01 14:00,30.90449569123917
2025-12-01 15:00,32.0980446531099
2025-12-01 16:00,29.862654622166662
2025-12-01 17:00,28.281398421160862
2025-12-01 18:00,26.208471795632185
2025-12-01 19:00,22.861519965503483
2025-12-01 20:00,21.271198100522916
2025-12-01 21:00,22.512475903703645
2025-12-01 22:00,24.253996260204325
2025-12-01 23:00,26.854987576948172
2025-12-02 00:00,31.266661871265235
2025-12-02 01:00,35.45770940006896
2025-12-02 02:00,37.381808443917336
2025-12-02 03:00,39.27767534001954
2025-12-02 04:00,40.73534195071117
2025-12-02 05:00,42.921614579177195
2025-12-02 06:00,45.13579105006925
2025-12-02 07:00,47.75977289111346
2025-12-02 08:00,48.431793155166304
2025-12-02 09:00,49.05239230880035
2025-12-02 10:00,48.978396991409035
2025-12-02 11:00,48.3163342178968
2025-12-02 12:00,48.08091112970003
2025-12-02 13:00,49.23886072311116
2025-12-02 14:00,49.20169057192374
2025-12-02 15:00,48.461278959450624
2025-12-02 16:00,47.48049484321965
2025-12-02 17:00,45.39476569052161
2025-12-02 18:00,42.593252725806096
2025-12-02 19:00,40.736025603208574
2025-12-02 20:00,39.28741811241417
2025-12-02 21:00,38.597935439658
2025-12-02 22:00,37.62617084790675
2025-12-02 23:00,37.93848563741325
2025-12-03 00:00,39.60099650430412
2025-12-03 01:00,41.075521592598406
2025-12-03 02:00,42.20142564028784
2025-12-03 03:00,44.06231103269331
2025-12-03 04:00,42.40986985994286
2025-12-03 05:00,38.770148077364205
2025-12-03 06:00,35.77699019013315
2025-12-03 07:00,34.676377191162956
2025-12-03 08:00,34.685677344507
2025-12-03 09:00,39.31665099131945
2025-12-03 10:00,44.47256502933415
2025-12-03 11:00,48.794716141190804
2025-12-03 12:00,50.90773451713106
2025-12-03 13:00,52.96369769119915
2025-12-03 14:00,53.21763731813932
2025-12-03 15:00,53.663211002518686
2025-12-03 16:00,54.0894438304296
2025-12-03 17:00,54.002644024980896
2025-12-03 18:00,53.12819284522887
2025-12-03 19:00,50.18187377427003
2025-12-03 20:00,47.30985208478325
2025-12-03 21:00,44.444841146707184
2025-12-03 22:00,41.068242577681545
2025-12-03 23:00,37.41486432078327
2025-12-04 00:00,34.49232475231165
2025-12-04 01:00,30.79497681736958
2025-12-04 02:00,26.199985780564145
2025-12-04 03:00,21.656985309377752
2025-12-04 04:00,17.21489922334026
2025-12-04 05:00,13.57690911496677
2025-12-04 06:00,10.29490261482717
2025-12-04 07:00,8.065973920961653
2025-12-04 08:00,6.707052604837509
2025-12-04 09:00,5.565160694285112
2025-12-04 10:00,4.338318960951954
2025-12-04 11:00,3.4772283386709626
2025-12-04 12:00,2.6791074077750734
2025-12-04 13:00,2.0903181127590864
2025-12-04 14:00,2.320178114632455
2025-12-04 15:00,7.609066813082959
2025-12-04 16:00,15.543080008775707
2025-12-04 17:00,25.284227268137972
2025-12-04 18:00,35.37641715504768
2025-12-04 19:00,45.92214625217476
2025-12-04 20:00,52.023055393430965
2025-12-04 21:00,55.73542726482954
2025-12-04 22:00,57.50784597230496
2025-12-04 23:00,57.87732338439791
2025-12-05 00:00,57.17194382843796
2025-12-05 01:00,56.069618349037775
2025-12-05 02:00,54.16524944743045
2025-12-05 03:00,50.62912914727572
2025-12-05 04:00,46.16848607669978
2025-12-05 05:00,42.45616711629143
2025-12-05 06:00,37.37415601578563
2025-12-05 07:00,30.698139277020026
2025-12-05 08:00,26.221548299537023
2025-12-05 09:00,22.88122074518889
2025-12-05 10:00,17.96680341269754
2025-12-05 11:00,14.94220206503898
2025-12-05 12:00,13.67778487109275
2025-12-05 13:00,11.525739877476413
2025-12-05 14:00,10.170439144877227
2025-12-05 15:00,9.548155066556628
2025-12-05 16:00,8.236255804477677
2025-12-05 17:00,7.2797189403165605
2025-12-05 18:00,6.324211090814325
2025-12-05 19:00,4.849335855518642
2025-12-05 20:00,3.3417183422834995
2025-12-05 21:00,2.3347958385058365
2025-12-05 22:00,1.497748160083353
2025-12-05 23:00,1.0549244291654276
2025-12-06 00:00,1.1587428318293602
2025-12-06 01:00,1.3121420235408183
2025-12-06 02:00,1.4941366576562634
2025-12-06 03:00,2.0139337114873834
2025-12-06 04:00,2.628993987881367
2025-12-06 05:00,3.380000067890274
2025-12-06 06:00,4.458407327560373
2025-12-06 07:00,5.766098092634321
2025-12-06 08:00,7.210468238478235
2025-12-06 09:00,8.733819816873721
2025-12-06 10:00,11.630487126685159
2025-12-06 11:00,15.619727680087564
2025-12-06 12:00,21.018656842686646
2025-12-06 13:00,25.637071532823825
2025-12-06 14:00,31.08564251828729
2025-12-06 15:00,34.974345992550134
2025-12-06 16:00,38.42937169024462
2025-12-06 17:00,40.295972844218184
2025-12-06 18:00,41.92290408601817
2025-12-06 19:00,41.68926318640785
2025-12-06 20:00,41.67282567211522
2025-12-06 21:00,41.0819001999085
2025-12-06 22:00,38.78145069911101
2025-12-06 23:00,36.22302889057446
2025-12-07 00:00,32.62054583520397
2025-12-07 01:00,29.602331513464616
2025-12-07 02:00,26.39207611853932
2025-12-07 03:00,24.74102189436163
2025-12-07 04:00,22.75487796232651
2025-12-07 05:00,23.13105091190158
2025-12-07 06:00,21.55924982813236
2025-12-07 07:00,19.765731048173627
2025-12-07 08:00,18.159039363859097
2025-12-07 09:00,18.54026284538714
2025-12-07 10:00,18.069031595499574
2025-12-07 11:00,18.504838882535804
2025-12-07 12:00,20.56458069109676
2025-12-07 13:00,24.040171287543654
2025-12-07 14:00,26.939672186497024
2025-12-07 15:00,30.29015867296812
2025-12-07 16:00,32.72731769982019
2025-12-07 17:00,35.51667289289863
2025-12-07 18:00,35.49372507995325
2025-12-07 19:00,36.38025948331175
2025-12-07 20:00,38.30389107166258
2025-12-07 21:00,41.97345283857828
2025-12-07 22:00,44.599697736316045
2025-12-07 23:00,48.1062804309751
2025-12-08 00:00,50.510174004602035
2025-12-08 01:00,51.425799890390614
2025-12-08 02:00,51.842795347309576
2025-12-08 03:00,51.11014764546663
2025-12-08 04:00,49.558969018043335
2025-12-08 05:00,48.5479538961918
2025-12-08 06:00,46.59388587868101
2025-12-08 07:00,43.157731570231235
2025-12-08 08:00,40.469860572555504
2025-12-08 09:00,38.03363536070579
2025-12-08 10:00,35.88308030608282
2025-12-08 11:00,34.580838188112196
2025-12-08 12:00,34.110307141380694
2025-12-08 13:00,33.36341750728911
2025-12-08 14:00,32.63682576339618
2025-12-08 15:00,31.348112422407457
2025-12-08 16:00,29.92767827130863
2025-12-08 17:00,27.667995674424237
2025-12-08 18:00,23.74058353341552
2025-12-08 19:00,20.173461000534736
2025-12-08 20:00,16.08392708689275
2025-12-08 21:00,12.37596420539135
2025-12-08 22:00,9.984175178901205
2025-12-08 23:00,8.936282276261531
2025-12-09 00:00,8.49672008723871
2025-12-09 01:00,8.513253253381293
2025-12-09 02:00,8.144871237870815
2025-12-09 03:00,7.335450934734385
2025-12-09 04:00,6.310621519847761
2025-12-09 05:00,5.202718491917993
2025-12-09 06:00,3.5740468594356463
2025-12-09 07:00,2.3977001204067827
2025-12-09 08:00,1.4921204136767994
2025-12-09 09:00,1.0110688383529953
2025-12-09 10:00,0.5971567148234012
2025-12-09 11:00,0.6540246209736051
2025-12-09 12:00,1.0156121049285112
2025-12-09 13:00,1.4313684433529617
2025-12-09 14:00,1.712317695574103
2025-12-09 15:00,1.745179864497341
2025-12-09 16:00,1.4642574666146972
2025-12-09 17:00,1.0407973955424086
2025-12-09 18:00,0.660381413303006
2025-12-09 19:00,0.47516150369554644
2025-12-09 20:00,0.5119233747535826
2025-12-09 21:00,0.7156901367192038
2025-12-09 22:00,0.7223435376444238
2025-12-09 23:00,0.7858454774438985
2025-12-10 00:00,0.8325768126515257
2025-12-10 01:00,0.81056805916487
2025-12-10 02:00,0.791226766535683
2025-12-10 03:00,0.9659516129469127
2025-12-10 04:00,1.1007811510967003
2025-12-10 05:00,1.2025662112804483
2025-12-10 06:00,1.3923603328830807
2025-12-10 07:00,1.4750077269041457
2025-12-10 08:00,1.7028055688278325
2025-12-10 09:00,1.6529595555354575
2025-12-10 10:00,1.6365309601710372
2025-12-10 11:00,1.5045253043758944
2025-12-10 12:00,1.4052009412534883
2025-12-10 13:00,1.1820865648967698
2025-12-10 14:00,1.3005288104768569
2025-12-10 15:00,1.1278783912461672
2025-12-10 16:00,1.0731885286872203
2025-12-10 17:00,1.0465834456155527
2025-12-10 18:00,1.135775426128981
2025-12-10 19:00,1.6137554962181428
2025-12-10 20:00,2.8307625956271734
2025-12-10 21:00,4.6137805908672265
2025-12-10 22:00,7.539957283702786
2025-12-10 23:00,11.816940675039078
2025-12-11 00:00,17.17502632642227
2025-12-11 01:00,22.32600241909631
2025-12-11 02:00,25.99241801984956
2025-12-11 03:00,27.62438159563569
2025-12-11 04:00,27.36349263972947
2025-12-11 05:00,25.758399174577335
2025-12-11 06:00,23.579677514843063
2025-12-11 07:00,25.152388768721995
2025-12-11 08:00,31.19403555751719
2025-12-11 09:00,38.40140462364794
2025-12-11 10:00,45.5715970582036
2025-12-11 11:00,53.194964338875046
2025-12-11 12:00,57.540930088984354
2025-12-11 13:00,58.199777268728916
2025-12-11 14:00,57.97027088994629
2025-12-11 15:00,57.51000865135727
2025-12-11 16:00,56.93273045915565
2025-12-11 17:00,56.732691096131894
2025-12-11 18:00,56.39080164316978
2025-12-11 19:00,55.535714059068525
2025-12-11 20:00,54.728490355633696
2025-12-11 21:00,53.664472390864134
2025-12-11 22:00,51.289901645661686
2025-12-11 23:00,48.36575415971773
2025-12-12 00:00,45.73919916909552
2025-12-12 01:00,42.38574315496041
2025-12-12 02:00,38.54042666138107
2025-12-12 03:00,34.79338097129748
2025-12-12 04:00,30.82900594304317
2025-12-12 05:00,25.615691996934384
2025-12-12 06:00,20.77233236232231
2025-12-12 07:00,16.503381971950628
2025-12-12 08:00,12.671170907719139
2025-12-12 09:00,9.765243501655277
2025-12-12 10:00,8.08313760828588
2025-12-12 11:00,6.311384783664405
2025-12-12 12:00,4.653902260978402
2025-12-12 13:00,3.7984052245504456
2025-12-12 14:00,2.9263460680811426
2025-12-12 15:00,2.7911361101630674
2025-12-12 16:00,3.083701366965373
2025-12-12 17:00,3.085368196095277
2025-12-12 18:00,3.1629215829615878
2025-12-12 19:00,3.3788535557193184
2025-12-12 20:00,3.53411169029818
2025-12-12 21:00,4.189403081668024
2025-12-12 22:00,4.726379502602972
2025-12-12 23:00,5.658567801899116
2025-12-13 00:00,6.3632943614625805
2025-12-13 01:00,7.353886973914184
2025-12-13 02:00,8.027250084801356
2025-12-13 03:00,8.757671272429718
2025-12-13 04:00,8.758594990446744
2025-12-13 05:00,8.884361208649057
2025-12-13 06:00,7.900934621765215
2025-12-13 07:00,6.39089033703761
2025-12-13 08:00,5.224356091238843
2025-12-13 09:00,4.061914233186226
2025-12-13 10:00,3.138808181519616
2025-12-13 11:00,4.6028070590391525
2025-12-13 12:00,6.9140526618512155
2025-12-13 13:00,10.51570658085833
2025-12-13 14:00,13.828170989159599
2025-12-13 15:00,18.03617356489466
2025-12-13 16:00,21.02346931161972
2025-12-13 17:00,21.98937013452793
2025-12-13 18:00,20.747399091708267
2025-12-13 19:00,20.310636135972562
2025-12-13 20:00,19.25662598725911
2025-12-13 21:00,17.47149395512553
2025-12-13 22:00,18.81188641745671
2025-12-13 23:00,22.679431435977712
2025-12-14 00:00,26.22952986969303
2025-12-14 01:00,29.37771498753778
2025-12-14 02:00,32.41935452785854
2025-12-14 03:00,31.688661854307515
2025-12-14 04:00,29.24070816781674
2025-12-14 05:00,28.856803706269808
2025-12-14 06:00,32.05443124206653
2025-12-14 07:00,35.820544761489415
2025-12-14 08:00,42.479926803017015
2025-12-14 09:00,49.10044360035503
2025-12-14 10:00,53.821160321883895
2025-12-14 11:00,54.588194206465026
2025-12-14 12:00,55.157386726275796
2025-12-14 13:00,55.060593666206934
2025-12-14 14:00,54.11894567500424
2025-12-14 15:00,52.36824735869518
2025-12-14 16:00,50.76491691766471
2025-12-14 17:00,48.06800309358224
2025-12-14 18:00,44.29744329712057
2025-12-14 19:00,38.65635162132254
2025-12-14 20:00,32.38862380433049
2025-12-14 21:00,25.40137329680961
2025-12-14 22:00,19.166727417488442
2025-12-14 23:00,13.737364795368048
2025-12-15 00:00,10.860951472857234
2025-12-15 01:00,9.386087085705947
2025-12-15 02:00,8.416045896978726
2025-12-15 03:00,7.1022272508494435
2025-12-15 04:00,5.9072041004457025
2025-12-15 05:00,5.629354072682635
2025-12-15 06:00,4.407206617600908
2025-12-15 07:00,3.423365917761707
2025-12-15 08:00,3.3551786286960428
2025-12-15 09:00,3.0817375233466477
2025-12-15 10:00,1.952122945394819
2025-12-15 11:00,1.8992138981495787
2025-12-15 12:00,2.1208935426844855
2025-12-15 13:00,1.867516074798079
2025-12-15 14:00,1.709817753344917
2025-12-15 15:00,1.7330226992919062
2025-12-15 16:00,1.6676528522189826
2025-12-15 17:00,1.8077617873251761
2025-12-15 18:00,1.8352831630663862
2025-12-15 19:00,2.830307157656069
2025-12-15 20:00,4.3321416509167765
2025-12-15 21:00,5.964791829987014
2025-12-15 22:00,6.1970486254809085
2025-12-15 23:00,7.047564407931833
2025-12-16 00:00,7.528330226513644
2025-12-16 01:00,8.141497540035878
2025-12-16 02:00,10.009213451501552
2025-12-16 03:00,12.18200204666176
2025-12-16 04:00,13.387517014330896
2025-12-16 05:00,13.375772094688788
2025-12-16 06:00,12.580022551235569
2025-12-16 07:00,10.764191662322117
2025-12-16 08:00,9.835674576445296
2025-12-16 09:00,9.498099149496957
2025-12-16 10:00,10.228236562279102
2025-12-16 11:00,10.679812622377002
2025-12-16 12:00,10.130099782357306
2025-12-16 13:00,8.953869477581188
2025-12-16 14:00,7.737629112415592
2025-12-16 15:00,6.062575122015194
2025-12-16 16:00,4.75244003441611
2025-12-16 17:00,4.16832783476089
2025-12-16 18:00,3.927835082374229
2025-12-16 19:00,3.4815530023847474
2025-12-16 20:00,2.9926797224363004
2025-12-16 21:00,2.614319684082877
2025-12-16 22:00,2.0372379238858414
2025-12-16 23:00,1.5362626580996999
2025-12-17 00:00,1.4078551205589576
2025-12-17 01:00,1.558521744419235
2025-12-17 02:00,1.9257524585520511
2025-12-17 03:00,2.4535134971244186
2025-12-17 04:00,3.191684190874699
2025-12-17 05:00,4.877771645575537
2025-12-17 06:00,6.542568773739123
2025-12-17 07:00,8.895798030062661
2025-12-17 08:00,14.411690397574864
2025-12-17 09:00,20.89139499379418
2025-12-17 10:00,26.150079786396283
2025-12-17 11:00,32.07728568090479
2025-12-17 12:00,37.3171491078633
2025-12-17 13:00,39.5064108562203
2025-12-17 14:00,39.21840643267121
2025-12-17 15:00,38.08944380525977
2025-12-17 16:00,33.690374178697226
2025-12-17 17:00,28.505307109926434
2025-12-17 18:00,22.622050679182717
2025-12-17 19:00,18.44938908420634
2025-12-17 20:00,15.33551308671549
2025-12-17 21:00,14.30906839401598
2025-12-17 22:00,12.978650823132337
2025-12-17 23:00,11.879816421897424
2025-12-18 00:00,10.512457595945389
2025-12-18 01:00,8.624242016838268
2025-12-18 02:00,7.070666271686717
2025-12-18 03:00,6.1460089300064125
2025-12-18 04:00,5.134907702273009
2025-12-18 05:00,4.041131069038483
2025-12-18 06:00,3.2013559388988932
2025-12-18 07:00,2.3056192522244063
2025-12-18 08:00,1.743817276632997
2025-12-18 09:00,1.552386391623867
2025-12-18 10:00,1.412860919555965
2025-12-18 11:00,1.595018890190318
2025-12-18 12:00,2.2729863301021576
2025-12-18 13:00,3.0650173247494488
2025-12-18 14:00,3.8097386663764654
2025-12-18 15:00,4.4574529263335165
2025-12-18 16:00,4.612722451324252
2025-12-18 17:00,4.269841644208261
2025-12-18 18:00,3.656612845094478
2025-12-18 19:00,2.7138618620429837
2025-12-18 20:00,1.759415162205595
2025-12-18 21:00,1.437658901764343
2025-12-18 22:00,1.4628491180781642
2025-12-18 23:00,1.4847560168265566
2025-12-19 00:00,1.7298826963679113
2025-12-19 01:00,2.1174463486764648
2025-12-19 02:00,2.4048944173069464
2025-12-19 03:00,2.4709214254566976
2025-12-19 04:00,2.8199077641417736
2025-12-19 05:00,3.3228097187020067
2025-12-19 06:00,3.8708087841999186
2025-12-19 07:00,4.602791233735552
2025-12-19 08:00,5.216436704264929
2025-12-19 09:00,5.905690363767796
2025-12-19 10:00,7.471620130043408
2025-12-19 11:00,8.98729264830717
2025-12-19 12:00,9.037137411267135
2025-12-19 13:00,9.35147739268241
2025-12-19 14:00,9.538098364739245
2025-12-19 15:00,8.671957306458804
2025-12-19 16:00,8.77413134243682
2025-12-19 17:00,10.955150566174414
2025-12-19 18:00,13.269415140348249
2025-12-19 19:00,16.311551049526077
2025-12-19 20:00,18.46980136883126
2025-12-19 21:00,20.838008327861022
2025-12-19 22:00,22.299873422537015
2025-12-19 23:00,23.567969678428017
2025-12-20 00:00,23.864285495464934
2025-12-20 01:00,26.051380811227016
2025-12-20 02:00,28.181624671965672
2025-12-20 03:00,30.481474998061163
2025-12-20 04:00,31.396449044972428
2025-12-20 05:00,32.3255989247548
2025-12-20 06:00,30.06031525318121
2025-12-20 07:00,26.02575346422945
2025-12-20 08:00,23.596746855395004
2025-12-20 09:00,20.546849343848596
2025-12-20 10:00,17.066357420946936
2025-12-20 11:00,16.490032091173312
2025-12-20 12:00,17.298122244634044
2025-12-20 13:00,17.669332528770884
2025-12-20 14:00,22.426721410038564
2025-12-20 15:00,29.888070869591775
2025-12-20 16:00,37.28303949297474
2025-12-20 17:00,44.547758184503365
2025-12-20 18:00,50.05593219953054
2025-12-20 19:00,53.134313307208004
2025-12-20 20:00,54.60258081152358
2025-12-20 21:00,54.959249000913395
2025-12-20 22:00,54.872303931187204
2025-12-20 23:00,55.175992344114775
2025-12-21 00:00,55.956946869490096
2025-12-21 01:00,56.10394463397829
2025-12-21 02:00,56.27948813033841
2025-12-21 03:00,55.767626826214574
2025-12-21 04:00,55.450708543637255
2025-12-21 05:00,55.0222711876983
2025-12-21 06:00,54.64602545433835
2025-12-21 07:00,52.92549175907551
2025-12-21 08:00,51.51908924056446
2025-12-21 09:00,49.74505166599352
2025-12-21 10:00,46.82324883929664
2025-12-21 11:00,43.75281807742891
2025-12-21 12:00,42.183746769824964
2025-12-21 13:00,40.79911891636658
2025-12-21 14:00,38.6209135860743
2025-12-21 15:00,37.22904603269118
2025-12-21 16:00,36.15117005774675
2025-12-21 17:00,35.44686383000815
2025-12-21 18:00,34.30224807674531
2025-12-21 19:00,33.940030852935365
2025-12-21 20:00,32.59355383442799
2025-12-21 21:00,32.09595411303883
2025-12-21 22:00,30.804371834768318
2025-12-21 23:00,29.130586344028803
2025-12-22 00:00,27.244417584737768
2025-12-22 01:00,26.219483778991638
2025-12-22 02:00,23.705942992541218
2025-12-22 03:00,21.641707146076488
2025-12-22 04:00,20.246325672025062
2025-12-22 05:00,18.515898047193478
2025-12-22 06:00,16.00012142425949
2025-12-22 07:00,13.571480493819262
2025-12-22 08:00,10.867112425528772
2025-12-22 09:00,8.14788818506808
2025-12-22 10:00,6.053798127410215
2025-12-22 11:00,5.151067813119548
2025-12-22 12:00,4.9795626093139065
2025-12-22 13:00,5.686304165908216
2025-12-22 14:00,5.9197537001115625
2025-12-22 15:00,5.781275403280015
2025-12-22 16:00,5.6321587193892
2025-12-22 17:00,5.294485908678383
2025-12-22 18:00,4.667875422476926
2025-12-22 19:00,4.1767787295952825
2025-12-22 20:00,3.8320521236347735
2025-12-22 21:00,3.409914736261585
2025-12-22 22:00,2.682041721048338
2025-12-22 23:00,2.0646056806856157
2025-12-23 00:00,1.5935146126646336
2025-12-23 01:00,1.7448110240765164
2025-12-23 02:00,1.9951522453544015
2025-12-23 03:00,2.2712434529916434
2025-12-23 04:00,2.3604976283796475
2025-12-23 05:00,2.7660269724897155
2025-12-23 06:00,2.723264841088201
2025-12-23 07:00,2.788368407917955
2025-12-23 08:00,3.645215359280292
2025-12-23 09:00,5.328713019077082
2025-12-23 10:00,6.861632617434102
2025-12-23 11:00,9.055715598923824
2025-12-23 12:00,11.15621133925354
2025-12-23 13:00,13.83736521710156
2025-12-23 14:00,15.589986498327406
2025-12-23 15:00,15.910337154484466
2025-12-23 16:00,14.681435428917428
2025-12-23 17:00,13.266342052026925
2025-12-23 18:00,10.765766171473885
2025-12-23 19:00,8.799448350083036
2025-12-23 20:00,7.999171734498988
2025-12-23 21:00,8.227626376560034
2025-12-23 22:00,9.063411531406008
2025-12-23 23:00,11.139478345786305
2025-12-24 00:00,14.664491881893033
2025-12-24 01:00,19.35249881913558
2025-12-24 02:00,25.871339139982616
2025-12-24 03:00,33.093100059233294
2025-12-24 04:00,38.50565187618168
2025-12-24 05:00,41.76335506125883
2025-12-24 06:00,43.87773559272576
2025-12-24 07:00,43.83296006846397
2025-12-24 08:00,42.887028190553295
2025-12-24 09:00,42.26864510921894
2025-12-24 10:00,41.85063046451422
2025-12-24 11:00,41.24127484036684
2025-12-24 12:00,40.548402821925755
2025-12-24 13:00,40.43279246448396
2025-12-24 14:00,40.88505479681075
2025-12-24 15:00,41.01970243695065
2025-12-24 16:00,41.46676558704259
2025-12-24 17:00,42.26903916600008
2025-12-24 18:00,42.32848010168974
2025-12-24 19:00,42.06028490686126
2025-12-24 20:00,40.91620468015346
2025-12-24 21:00,39.05436471294562
2025-12-24 22:00,39.037792583188285
2025-12-24 23:00,38.47399388239644
2025-12-25 00:00,38.14768037748724
2025-12-25 01:00,40.886865687585356
2025-12-25 02:00,45.28371949975833
2025-12-25 03:00,48.38043174029922
2025-12-25 04:00,52.039473886749036
2025-12-25 05:00,55.60759050023646
2025-12-25 06:00,57.54248967841846
2025-12-25 07:00,57.98185690688439
2025-12-25 08:00,57.501177919053006
2025-12-25 09:00,56.967748999367494
2025-12-25 10:00,55.375337462640005
2025-12-25 11:00,54.11166233713881
2025-12-25 12:00,53.35797464087089
2025-12-25 13:00,52.82686076890913
2025-12-25 14:00,52.05001507843131
2025-12-25 15:00,52.429942945941626
2025-12-25 16:00,52.66412053927515
2025-12-25 17:00,53.148674552456484
2025-12-25 18:00,53.96057389256949
2025-12-25 19:00,54.75000115588106
2025-12-25 20:00,55.438413003129895
2025-12-25 21:00,55.646729962706374
2025-12-25 22:00,55.25183277042188
2025-12-25 23:00,54.54381082782952
2025-12-26 00:00,53.81214744693889
2025-12-26 01:00,52.6470759507157
2025-12-26 02:00,51.85843723142915
2025-12-26 03:00,51.62501473612143
2025-12-26 04:00,51.67326860221128
2025-12-26 05:00,51.85092149308745
2025-12-26 06:00,52.351654867271385
2025-12-26 07:00,52.52534870123888
2025-12-26 08:00,51.65732428811968
2025-12-26 09:00,51.068201769684656
2025-12-26 10:00,49.522870626177664
2025-12-26 11:00,48.53192613403462
2025-12-26 12:00,47.399908987384705
2025-12-26 13:00,46.574215917418826
2025-12-26 14:00,45.33139307160614
2025-12-26 15:00,43.77393856779327
2025-12-26 16:00,40.90312019394325
2025-12-26 17:00,38.09556293540086
2025-12-26 18:00,34.93661754919302
2025-12-26 19:00,29.55568835116872
2025-12-26 20:00,24.217370591191813
2025-12-26 21:00,19.255811629660794
2025-12-26 22:00,13.924657326848177
2025-12-26 23:00,9.705397658262092
2025-12-27 00:00,7.492840749888979
2025-12-27 01:00,5.903042681832301
2025-12-27 02:00,4.556419181108429
2025-12-27 03:00,3.7167891083534217
2025-12-27 04:00,2.7623297426584883
2025-12-27 05:00,2.049566355811941
2025-12-27 06:00,1.6061900743349344
2025-12-27 07:00,1.167967326124856
2025-12-27 08:00,0.7529798815174121
2025-12-27 09:00,0.5185547523015039
2025-12-27 10:00,0.2474778025865665
2025-12-27 11:00,0.2245185676156737
2025-12-27 12:00,0.25652142334536193
2025-12-27 13:00,0.33057295560447675
2025-12-27 14:00,0.36248192249060757
2025-12-27 15:00,0.5520675437663367
2025-12-27 16:00,0.7238628928779252
2025-12-27 17:00,0.8535044591748431
2025-12-27 18:00,1.5190957126213274
2025-12-27 19:00,2.0761997538935297
2025-12-27 20:00,2.467271245268138
2025-12-27 21:00,2.733376947417077
2025-12-27 22:00,3.3974284283620166
2025-12-27 23:00,3.3774759856606176
2025-12-28 00:00,3.5114432996715506
2025-12-28 01:00,3.699838492349234
2025-12-28 02:00,4.195991098887106
2025-12-28 03:00,4.068960664506837
2025-12-28 04:00,4.327439086042448
2025-12-28 05:00,4.566362397064386
2025-12-28 06:00,4.58106990251544
2025-12-28 07:00,4.246429911985428
2025-12-28 08:00,4.721875688039148
2025-12-28 09:00,5.1860953886015775
2025-12-28 10:00,6.067586030978741
2025-12-28 11:00,6.746368017948123
2025-12-28 12:00,7.831393231773026
2025-12-28 13:00,8.98794146492819
2025-12-28 14:00,10.825951984042229
2025-12-28 15:00,13.381261835138805
2025-12-28 16:00,17.253156922972433
2025-12-28 17:00,22.02123391462001
2025-12-28 18:00,26.37408503245078
2025-12-28 19:00,29.174141825597975
2025-12-28 20:00,30.418128905883897
2025-12-28 21:00,30.60253505636223
2025-12-28 22:00,27.161815202150386
2025-12-28 23:00,25.188011328194392
2025-12-29 00:00,24.621716347049496
2025-12-29 01:00,23.47814644503355
2025-12-29 02:00,23.430264825538995
2025-12-29 03:00,26.04297649036107
2025-12-29 04:00,26.513916246578468
2025-12-29 05:00,25.97799636904254
2025-12-29 06:00,25.590581256293667
2025-12-29 07:00,23.73381967463177
2025-12-29 08:00,22.422661513805444
2025-12-29 09:00,23.56614887795231
2025-12-29 10:00,25.432613672178313
2025-12-29 11:00,26.35948908602985
2025-12-29 12:00,28.496693455929698
2025-12-29 13:00,29.931556574167576
2025-12-29 14:00,29.47360052536329
2025-12-29 15:00,29.088469870915837
2025-12-29 16:00,30.640780775237737
2025-12-29 17:00,30.20814226885442
2025-12-29 18:00,29.910795600331586
2025-12-29 19:00,30.23477019223809
2025-12-29 20:00,28.909874484608377
2025-12-29 21:00,26.844949719800564
2025-12-29 22:00,27.950455980287735
2025-12-29 23:00,28.78603252831298
2025-12-30 00:00,28.684664880153143
2025-12-30 01:00,29.529690125334515
2025-12-30 02:00,32.176284751940294
2025-12-30 03:00,32.75150082396291
2025-12-30 04:00,33.20109347026617
2025-12-30 05:00,33.68625168205646
2025-12-30 06:00,33.80866236235598
2025-12-30 07:00,31.916192782280696
2025-12-30 08:00,29.07404261042521
2025-12-30 09:00,26.19139727888363
2025-12-30 10:00,24.47168238249865
2025-12-30 11:00,23.394161205756443
2025-12-30 12:00,24.024826774889938
2025-12-30 13:00,26.310047535398212
2025-12-30 14:00,28.15453096835389
2025-12-30 15:00,28.39504992712933
2025-12-30 16:00,27.70477008012182
2025-12-30 17:00,26.324059223502605
2025-12-30 18:00,22.546897376503217
2025-12-30 19:00,18.98218057387499
2025-12-30 20:00,15.875825979052488
2025-12-30 21:00,13.02054276662082
2025-12-30 22:00,11.158632777017976
2025-12-30 23:00,11.911030902996945
2025-12-31 00:00,14.143964530996953
2025-12-31 01:00,17.852155840920922
2025-12-31 02:00,24.310842935917503
2025-12-31 03:00,29.97988330129211
2025-12-31 04:00,35.15774488961636
2025-12-31 05:00,38.95256614592371
2025-12-31 06:00,41.438626827051834
2025-12-31 07:00,42.414525735434175
2025-12-31 08:00,42.19036488899695
2025-12-31 09:00,41.67312236879768
2025-12-31 10:00,41.795929720458254
2025-12-31 11:00,41.674274143361274
2025-12-31 12:00,41.16960506414323
2025-12-31 13:00,42.25191443082305
2025-12-31 14:00,43.12562789777021
2025-12-31 15:00,44.667690848753736
2025-12-31 16:00,45.36436059578017
2025-12-31 17:00,45.66973871554024
2025-12-31 18:00,44.60564586490509
2025-12-31 19:00,42.76034688131428
2025-12-31 20:00,39.36740755809359
2025-12-31 21:00,33.89696169260323
2025-12-31 22:00,31.437701146665923
2025-12-31 23:00,28.341482601953942
